field,year,n_articles,n_pvalues,n_negative_skipped
all,1990,230,66,0
all,1991,247,75,0
all,1992,223,60,0
all,1993,218,144,0
all,1994,324,158,0
all,1995,315,164,0
all,1996,366,192,0
all,1997,1647,1083,0
all,1998,1753,1357,0
all,1999,1940,1470,0
all,2000,2698,2093,0
all,2001,3733,4799,0
all,2002,5091,10528,0
all,2003,7005,15219,0
all,2004,10246,23420,0
all,2005,15662,38902,0
all,2006,20055,54291,0
all,2007,27529,83923,0
all,2008,43398,137959,0
all,2009,58835,195479,0
all,2010,80146,291827,0
all,2011,109511,419622,0
all,2012,146163,618802,0
all,2013,184796,853540,0
all,2014,221453,1026373,0
all,2015,252039,1201131,0
all,2016,274180,1374811,0
all,2017,306531,1611837,0
all,2018,339348,1744367,0
all,2019,390414,2047398,0
all,2020,542079,2715743,0
all,2021,677988,3642770,0
all,2022,769707,4240654,0
all,2023,693210,3805267,0
all,2024,683803,3977104,0
all,2025,524904,3405386,0
rct,1990,1,0,0
rct,1991,0,0,0
rct,1992,1,0,0
rct,1993,1,6,0
rct,1994,3,7,0
rct,1995,2,3,0
rct,1996,1,8,0
rct,1997,4,25,0
rct,1998,5,19,0
rct,1999,6,30,0
rct,2000,10,37,0
rct,2001,21,97,0
rct,2002,65,439,0
rct,2003,68,366,0
rct,2004,157,1094,0
rct,2005,190,1387,0
rct,2006,258,1761,0
rct,2007,476,3141,0
rct,2008,756,6171,0
rct,2009,1076,7990,0
rct,2010,1462,11353,0
rct,2011,2043,16270,0
rct,2012,2521,20815,0
rct,2013,3459,28929,0
rct,2014,4252,34724,0
rct,2015,4706,40086,0
rct,2016,5058,45309,0
rct,2017,5499,49052,0
rct,2018,5323,49966,0
rct,2019,5881,58620,0
rct,2020,7067,70077,0
rct,2021,8152,86190,0
rct,2022,9721,105427,0
rct,2023,8052,88563,0
rct,2024,8653,106358,0
rct,2025,7148,90262,0
