corpus,field,year,n_articles,n_pvalues,n_negative_skipped
pmc_abs,all,1990,2340,197,0
pmc_abs,all,1991,2408,361,0
pmc_abs,all,1992,2444,339,0
pmc_abs,all,1993,2815,464,0
pmc_abs,all,1994,3102,536,0
pmc_abs,all,1995,2947,558,0
pmc_abs,all,1996,3102,683,0
pmc_abs,all,1997,3244,755,0
pmc_abs,all,1998,3421,931,0
pmc_abs,all,1999,3516,1056,0
pmc_abs,all,2000,3833,902,0
pmc_abs,all,2001,4861,1183,0
pmc_abs,all,2002,5456,1506,0
pmc_abs,all,2003,6348,1721,0
pmc_abs,all,2004,8615,2550,0
pmc_abs,all,2005,13145,3649,0
pmc_abs,all,2006,17503,5322,0
pmc_abs,all,2007,24455,7299,0
pmc_abs,all,2008,38979,11350,0
pmc_abs,all,2009,52975,15701,0
pmc_abs,all,2010,71976,23192,0
pmc_abs,all,2011,98163,33258,0
pmc_abs,all,2012,132750,51009,0
pmc_abs,all,2013,165606,69653,0
pmc_abs,all,2014,199504,87015,0
pmc_abs,all,2015,224992,103711,0
pmc_abs,all,2016,254848,127186,0
pmc_abs,all,2017,288944,141517,0
pmc_abs,all,2018,321135,160582,0
pmc_abs,all,2019,376411,192758,0
pmc_abs,all,2020,503238,257776,0
pmc_abs,all,2021,636841,341536,0
pmc_abs,all,2022,728254,405827,0
pmc_abs,all,2023,653607,364641,0
pmc_abs,all,2024,656318,386281,0
pmc_abs,all,2025,513363,337888,0
pmc_abs,ct,1990,10,1,0
pmc_abs,ct,1991,28,5,0
pmc_abs,ct,1992,30,2,0
pmc_abs,ct,1993,43,18,0
pmc_abs,ct,1994,60,31,0
pmc_abs,ct,1995,64,19,0
pmc_abs,ct,1996,62,26,0
pmc_abs,ct,1997,68,43,0
pmc_abs,ct,1998,95,80,0
pmc_abs,ct,1999,103,57,0
pmc_abs,ct,2000,77,49,0
pmc_abs,ct,2001,84,56,0
pmc_abs,ct,2002,90,24,0
pmc_abs,ct,2003,109,68,0
pmc_abs,ct,2004,206,151,0
pmc_abs,ct,2005,195,138,0
pmc_abs,ct,2006,131,163,0
pmc_abs,ct,2007,158,147,0
pmc_abs,ct,2008,182,205,0
pmc_abs,ct,2009,220,302,0
pmc_abs,ct,2010,362,354,0
pmc_abs,ct,2011,507,573,0
pmc_abs,ct,2012,865,1041,0
pmc_abs,ct,2013,1300,1409,0
pmc_abs,ct,2014,1455,1741,0
pmc_abs,ct,2015,1457,1778,0
pmc_abs,ct,2016,1479,1916,0
pmc_abs,ct,2017,1332,1793,0
pmc_abs,ct,2018,1821,2257,0
pmc_abs,ct,2019,2133,2687,0
pmc_abs,ct,2020,1919,2469,0
pmc_abs,ct,2021,2298,3054,0
pmc_abs,ct,2022,1415,1862,0
pmc_abs,ct,2023,1059,1618,0
pmc_abs,ct,2024,893,1363,0
pmc_abs,ct,2025,639,1067,0
pmc_abs,cuj,1990,338,129,0
pmc_abs,cuj,1991,380,215,0
pmc_abs,cuj,1992,371,194,0
pmc_abs,cuj,1993,453,265,0
pmc_abs,cuj,1994,436,278,0
pmc_abs,cuj,1995,520,337,0
pmc_abs,cuj,1996,632,363,0
pmc_abs,cuj,1997,564,375,0
pmc_abs,cuj,1998,670,516,0
pmc_abs,cuj,1999,811,628,0
pmc_abs,cuj,2000,588,408,0
pmc_abs,cuj,2001,591,413,0
pmc_abs,cuj,2002,619,481,0
pmc_abs,cuj,2003,733,502,0
pmc_abs,cuj,2004,783,645,0
pmc_abs,cuj,2005,630,492,0
pmc_abs,cuj,2006,655,568,0
pmc_abs,cuj,2007,844,723,0
pmc_abs,cuj,2008,1513,1406,0
pmc_abs,cuj,2009,1928,2066,0
pmc_abs,cuj,2010,2081,2310,0
pmc_abs,cuj,2011,2205,2347,0
pmc_abs,cuj,2012,2464,2367,0
pmc_abs,cuj,2013,3238,3522,0
pmc_abs,cuj,2014,3718,3519,0
pmc_abs,cuj,2015,5328,6034,0
pmc_abs,cuj,2016,6736,8691,0
pmc_abs,cuj,2017,7385,7876,0
pmc_abs,cuj,2018,8296,8429,0
pmc_abs,cuj,2019,9155,9161,0
pmc_abs,cuj,2020,12859,11062,0
pmc_abs,cuj,2021,13836,13254,0
pmc_abs,cuj,2022,14222,13664,0
pmc_abs,cuj,2023,12499,13615,0
pmc_abs,cuj,2024,11634,13902,0
pmc_abs,cuj,2025,10930,13365,0
pmc_abs,meta,1990,1,0,0
pmc_abs,meta,1991,1,0,0
pmc_abs,meta,1992,2,0,0
pmc_abs,meta,1993,4,0,0
pmc_abs,meta,1994,5,1,0
pmc_abs,meta,1995,4,2,0
pmc_abs,meta,1996,1,0,0
pmc_abs,meta,1997,3,0,0
pmc_abs,meta,1998,2,0,0
pmc_abs,meta,1999,10,0,0
pmc_abs,meta,2000,11,6,0
pmc_abs,meta,2001,18,4,0
pmc_abs,meta,2002,13,10,0
pmc_abs,meta,2003,17,11,0
pmc_abs,meta,2004,32,11,0
pmc_abs,meta,2005,48,30,0
pmc_abs,meta,2006,64,48,0
pmc_abs,meta,2007,94,74,0
pmc_abs,meta,2008,146,106,0
pmc_abs,meta,2009,211,192,0
pmc_abs,meta,2010,322,334,0
pmc_abs,meta,2011,519,534,0
pmc_abs,meta,2012,830,852,0
pmc_abs,meta,2013,1400,1729,0
pmc_abs,meta,2014,1847,2495,0
pmc_abs,meta,2015,2392,3383,0
pmc_abs,meta,2016,2855,4143,0
pmc_abs,meta,2017,2979,4725,0
pmc_abs,meta,2018,2927,4655,0
pmc_abs,meta,2019,3709,5695,0
pmc_abs,meta,2020,4681,7063,0
pmc_abs,meta,2021,5694,8142,0
pmc_abs,meta,2022,6683,10266,0
pmc_abs,meta,2023,6562,10623,0
pmc_abs,meta,2024,6794,11287,0
pmc_abs,meta,2025,5163,8609,0
pmc_abs,rct,1990,11,4,0
pmc_abs,rct,1991,20,26,0
pmc_abs,rct,1992,16,13,0
pmc_abs,rct,1993,29,38,0
pmc_abs,rct,1994,36,40,0
pmc_abs,rct,1995,29,30,0
pmc_abs,rct,1996,43,54,0
pmc_abs,rct,1997,28,55,0
pmc_abs,rct,1998,43,69,0
pmc_abs,rct,1999,37,49,0
pmc_abs,rct,2000,45,44,0
pmc_abs,rct,2001,65,78,0
pmc_abs,rct,2002,75,85,0
pmc_abs,rct,2003,76,93,0
pmc_abs,rct,2004,160,203,0
pmc_abs,rct,2005,195,262,0
pmc_abs,rct,2006,263,376,0
pmc_abs,rct,2007,483,587,0
pmc_abs,rct,2008,759,973,0
pmc_abs,rct,2009,1079,1324,0
pmc_abs,rct,2010,1460,1812,0
pmc_abs,rct,2011,2041,2444,0
pmc_abs,rct,2012,2513,2895,0
pmc_abs,rct,2013,3452,4396,0
pmc_abs,rct,2014,4240,5591,0
pmc_abs,rct,2015,4700,6045,0
pmc_abs,rct,2016,5052,7144,0
pmc_abs,rct,2017,5481,7669,0
pmc_abs,rct,2018,5304,8198,0
pmc_abs,rct,2019,5865,9618,0
pmc_abs,rct,2020,7035,11612,0
pmc_abs,rct,2021,8116,13748,0
pmc_abs,rct,2022,9663,17602,0
pmc_abs,rct,2023,8016,14315,0
pmc_abs,rct,2024,8616,17134,0
pmc_abs,rct,2025,7148,14317,0
pmc_abs,review,1990,164,1,0
pmc_abs,review,1991,162,2,0
pmc_abs,review,1992,102,0,0
pmc_abs,review,1993,194,2,0
pmc_abs,review,1994,244,1,0
pmc_abs,review,1995,206,1,0
pmc_abs,review,1996,197,0,0
pmc_abs,review,1997,287,14,0
pmc_abs,review,1998,321,2,0
pmc_abs,review,1999,246,11,0
pmc_abs,review,2000,432,3,0
pmc_abs,review,2001,531,7,0
pmc_abs,review,2002,578,0,0
pmc_abs,review,2003,610,6,0
pmc_abs,review,2004,799,15,0
pmc_abs,review,2005,895,9,0
pmc_abs,review,2006,1531,20,0
pmc_abs,review,2007,1705,29,0
pmc_abs,review,2008,2089,26,0
pmc_abs,review,2009,2562,18,0
pmc_abs,review,2010,3866,64,0
pmc_abs,review,2011,4395,68,0
pmc_abs,review,2012,5900,84,0
pmc_abs,review,2013,10518,228,0
pmc_abs,review,2014,16871,321,0
pmc_abs,review,2015,18749,550,0
pmc_abs,review,2016,21081,772,0
pmc_abs,review,2017,23799,817,0
pmc_abs,review,2018,28176,1341,0
pmc_abs,review,2019,32576,1461,0
pmc_abs,review,2020,51478,2071,0
pmc_abs,review,2021,72610,3551,0
pmc_abs,review,2022,77474,5371,0
pmc_abs,review,2023,70690,5523,0
pmc_abs,review,2024,65048,4779,0
pmc_abs,review,2025,41045,3105,0
pmc_body,all,1990,230,66,0
pmc_body,all,1991,247,75,0
pmc_body,all,1992,223,60,0
pmc_body,all,1993,218,144,0
pmc_body,all,1994,324,158,0
pmc_body,all,1995,315,164,0
pmc_body,all,1996,366,192,0
pmc_body,all,1997,1647,1083,0
pmc_body,all,1998,1753,1357,0
pmc_body,all,1999,1940,1470,0
pmc_body,all,2000,2698,2093,0
pmc_body,all,2001,3733,4799,0
pmc_body,all,2002,5091,10528,0
pmc_body,all,2003,7005,15219,0
pmc_body,all,2004,10246,23420,0
pmc_body,all,2005,15662,38902,0
pmc_body,all,2006,20055,54291,0
pmc_body,all,2007,27529,83923,0
pmc_body,all,2008,43398,137959,0
pmc_body,all,2009,58835,195479,0
pmc_body,all,2010,80146,291827,0
pmc_body,all,2011,109511,419622,0
pmc_body,all,2012,146163,618802,0
pmc_body,all,2013,184796,853540,0
pmc_body,all,2014,221453,1026373,0
pmc_body,all,2015,252039,1201131,0
pmc_body,all,2016,274180,1374811,0
pmc_body,all,2017,306531,1611837,0
pmc_body,all,2018,339348,1744367,0
pmc_body,all,2019,390414,2047398,0
pmc_body,all,2020,542079,2715743,0
pmc_body,all,2021,677988,3642770,0
pmc_body,all,2022,769707,4240654,0
pmc_body,all,2023,693210,3805267,0
pmc_body,all,2024,683803,3977104,0
pmc_body,all,2025,524904,3405386,0
pmc_body,ct,1990,1,3,0
pmc_body,ct,1991,0,0,0
pmc_body,ct,1992,0,0,0
pmc_body,ct,1993,0,0,0
pmc_body,ct,1994,0,0,0
pmc_body,ct,1995,2,9,0
pmc_body,ct,1996,2,13,0
pmc_body,ct,1997,14,26,0
pmc_body,ct,1998,20,35,0
pmc_body,ct,1999,10,39,0
pmc_body,ct,2000,24,102,0
pmc_body,ct,2001,24,124,0
pmc_body,ct,2002,81,226,0
pmc_body,ct,2003,103,422,0
pmc_body,ct,2004,196,900,0
pmc_body,ct,2005,175,858,0
pmc_body,ct,2006,123,793,0
pmc_body,ct,2007,145,848,0
pmc_body,ct,2008,181,1485,0
pmc_body,ct,2009,217,1805,0
pmc_body,ct,2010,362,2895,0
pmc_body,ct,2011,508,5112,0
pmc_body,ct,2012,867,8992,0
pmc_body,ct,2013,1306,13257,0
pmc_body,ct,2014,1459,13201,0
pmc_body,ct,2015,1465,14116,0
pmc_body,ct,2016,1482,15314,0
pmc_body,ct,2017,1346,14347,0
pmc_body,ct,2018,1827,18569,0
pmc_body,ct,2019,2145,20960,0
pmc_body,ct,2020,1930,19081,0
pmc_body,ct,2021,2316,24479,0
pmc_body,ct,2022,1433,14837,0
pmc_body,ct,2023,1068,10785,0
pmc_body,ct,2024,902,8682,0
pmc_body,ct,2025,642,7274,0
pmc_body,cuj,1990,0,0,0
pmc_body,cuj,1991,0,0,0
pmc_body,cuj,1992,1,0,0
pmc_body,cuj,1993,0,0,0
pmc_body,cuj,1994,0,0,0
pmc_body,cuj,1995,4,11,0
pmc_body,cuj,1996,8,0,0
pmc_body,cuj,1997,7,1,0
pmc_body,cuj,1998,6,44,0
pmc_body,cuj,1999,10,14,0
pmc_body,cuj,2000,11,14,0
pmc_body,cuj,2001,12,49,0
pmc_body,cuj,2002,618,2920,0
pmc_body,cuj,2003,918,4080,0
pmc_body,cuj,2004,958,4051,0
pmc_body,cuj,2005,730,3021,0
pmc_body,cuj,2006,750,3434,0
pmc_body,cuj,2007,985,4319,0
pmc_body,cuj,2008,1765,9763,0
pmc_body,cuj,2009,2244,13898,0
pmc_body,cuj,2010,2381,15130,0
pmc_body,cuj,2011,2625,16635,0
pmc_body,cuj,2012,2834,17799,0
pmc_body,cuj,2013,3865,25621,0
pmc_body,cuj,2014,4083,27767,0
pmc_body,cuj,2015,5830,42550,0
pmc_body,cuj,2016,7337,52210,0
pmc_body,cuj,2017,7990,48274,0
pmc_body,cuj,2018,8916,50988,0
pmc_body,cuj,2019,10152,60603,0
pmc_body,cuj,2020,17359,72869,0
pmc_body,cuj,2021,19099,89031,0
pmc_body,cuj,2022,18468,102582,0
pmc_body,cuj,2023,13801,82688,0
pmc_body,cuj,2024,11967,79813,0
pmc_body,cuj,2025,11252,76550,0
pmc_body,meta,1990,0,0,0
pmc_body,meta,1991,1,0,0
pmc_body,meta,1992,0,0,0
pmc_body,meta,1993,0,0,0
pmc_body,meta,1994,0,0,0
pmc_body,meta,1995,0,0,0
pmc_body,meta,1996,0,0,0
pmc_body,meta,1997,0,0,0
pmc_body,meta,1998,0,0,0
pmc_body,meta,1999,1,5,0
pmc_body,meta,2000,1,0,0
pmc_body,meta,2001,6,35,0
pmc_body,meta,2002,9,68,0
pmc_body,meta,2003,15,106,0
pmc_body,meta,2004,29,226,0
pmc_body,meta,2005,47,227,0
pmc_body,meta,2006,63,483,0
pmc_body,meta,2007,91,495,0
pmc_body,meta,2008,144,1057,0
pmc_body,meta,2009,211,2101,0
pmc_body,meta,2010,323,2605,0
pmc_body,meta,2011,520,4881,0
pmc_body,meta,2012,831,8462,0
pmc_body,meta,2013,1407,14138,0
pmc_body,meta,2014,1853,19979,0
pmc_body,meta,2015,2396,25695,0
pmc_body,meta,2016,2857,31907,0
pmc_body,meta,2017,2984,33384,0
pmc_body,meta,2018,2934,31379,0
pmc_body,meta,2019,3714,39480,0
pmc_body,meta,2020,4716,50515,0
pmc_body,meta,2021,5738,61703,0
pmc_body,meta,2022,6757,75517,0
pmc_body,meta,2023,6623,77630,0
pmc_body,meta,2024,6825,84889,0
pmc_body,meta,2025,5165,67640,0
pmc_body,rct,1990,1,0,0
pmc_body,rct,1991,0,0,0
pmc_body,rct,1992,1,0,0
pmc_body,rct,1993,1,6,0
pmc_body,rct,1994,3,7,0
pmc_body,rct,1995,2,3,0
pmc_body,rct,1996,1,8,0
pmc_body,rct,1997,4,25,0
pmc_body,rct,1998,5,19,0
pmc_body,rct,1999,6,30,0
pmc_body,rct,2000,10,37,0
pmc_body,rct,2001,21,97,0
pmc_body,rct,2002,65,439,0
pmc_body,rct,2003,68,366,0
pmc_body,rct,2004,157,1094,0
pmc_body,rct,2005,190,1387,0
pmc_body,rct,2006,258,1761,0
pmc_body,rct,2007,476,3141,0
pmc_body,rct,2008,756,6171,0
pmc_body,rct,2009,1076,7990,0
pmc_body,rct,2010,1462,11353,0
pmc_body,rct,2011,2043,16270,0
pmc_body,rct,2012,2521,20815,0
pmc_body,rct,2013,3459,28929,0
pmc_body,rct,2014,4252,34724,0
pmc_body,rct,2015,4706,40086,0
pmc_body,rct,2016,5058,45309,0
pmc_body,rct,2017,5499,49052,0
pmc_body,rct,2018,5323,49966,0
pmc_body,rct,2019,5881,58620,0
pmc_body,rct,2020,7067,70077,0
pmc_body,rct,2021,8152,86190,0
pmc_body,rct,2022,9721,105427,0
pmc_body,rct,2023,8052,88563,0
pmc_body,rct,2024,8653,106358,0
pmc_body,rct,2025,7148,90262,0
pmc_body,review,1990,2,0,0
pmc_body,review,1991,3,0,0
pmc_body,review,1992,3,0,0
pmc_body,review,1993,9,0,0
pmc_body,review,1994,20,6,0
pmc_body,review,1995,10,11,0
pmc_body,review,1996,14,1,0
pmc_body,review,1997,89,2,0
pmc_body,review,1998,96,3,0
pmc_body,review,1999,118,4,0
pmc_body,review,2000,322,112,0
pmc_body,review,2001,303,93,0
pmc_body,review,2002,390,268,0
pmc_body,review,2003,498,226,0
pmc_body,review,2004,716,634,0
pmc_body,review,2005,784,593,0
pmc_body,review,2006,1323,1700,0
pmc_body,review,2007,1565,1975,0
pmc_body,review,2008,2058,2366,0
pmc_body,review,2009,2546,3525,0
pmc_body,review,2010,3812,5300,0
pmc_body,review,2011,4439,4997,0
pmc_body,review,2012,6045,7491,0
pmc_body,review,2013,10802,12821,0
pmc_body,review,2014,17325,22440,0
pmc_body,review,2015,19202,25370,0
pmc_body,review,2016,21393,30564,0
pmc_body,review,2017,24074,35724,0
pmc_body,review,2018,28490,41717,0
pmc_body,review,2019,32879,49237,0
pmc_body,review,2020,52232,73344,0
pmc_body,review,2021,73226,115094,0
pmc_body,review,2022,77880,139859,0
pmc_body,review,2023,71057,142367,0
pmc_body,review,2024,65442,126503,0
pmc_body,review,2025,41287,85442,0
pubmed_abs,all,1990,278716,49634,0
pubmed_abs,all,1991,281501,55169,0
pubmed_abs,all,1992,287106,61007,0
pubmed_abs,all,1993,292438,68442,0
pubmed_abs,all,1994,300383,74618,0
pubmed_abs,all,1995,309682,83310,0
pubmed_abs,all,1996,315735,90922,0
pubmed_abs,all,1997,324663,97089,0
pubmed_abs,all,1998,340071,103207,0
pubmed_abs,all,1999,349352,110255,0
pubmed_abs,all,2000,376786,114052,0
pubmed_abs,all,2001,396538,126208,0
pubmed_abs,all,2002,416028,135962,0
pubmed_abs,all,2003,445521,153216,0
pubmed_abs,all,2004,481295,171135,0
pubmed_abs,all,2005,536057,198986,0
pubmed_abs,all,2006,579809,214384,0
pubmed_abs,all,2007,616538,237430,0
pubmed_abs,all,2008,648270,260544,0
pubmed_abs,all,2009,676468,280559,0
pubmed_abs,all,2010,725028,307990,0
pubmed_abs,all,2011,776404,346679,0
pubmed_abs,all,2012,820315,384058,0
pubmed_abs,all,2013,855653,420340,0
pubmed_abs,all,2014,876761,448723,0
pubmed_abs,all,2015,884808,473556,0
pubmed_abs,all,2016,881192,483621,0
pubmed_abs,all,2017,882495,494112,0
pubmed_abs,all,2018,900568,514244,0
pubmed_abs,all,2019,941231,544936,0
pubmed_abs,all,2020,1043379,623003,0
pubmed_abs,all,2021,1112394,673912,0
pubmed_abs,all,2022,1092792,650717,0
pubmed_abs,all,2023,978968,598044,0
pubmed_abs,all,2024,1018395,619406,0
pubmed_abs,all,2025,691456,427719,0
pubmed_abs,ct,1990,4068,1865,0
pubmed_abs,ct,1991,4160,2123,0
pubmed_abs,ct,1992,3780,1914,0
pubmed_abs,ct,1993,3701,2036,0
pubmed_abs,ct,1994,8513,5437,0
pubmed_abs,ct,1995,9318,5994,0
pubmed_abs,ct,1996,8830,6002,0
pubmed_abs,ct,1997,10309,6789,0
pubmed_abs,ct,1998,10351,7199,0
pubmed_abs,ct,1999,11277,8345,0
pubmed_abs,ct,2000,10709,8441,0
pubmed_abs,ct,2001,8921,7450,0
pubmed_abs,ct,2002,9296,7740,0
pubmed_abs,ct,2003,11233,9993,0
pubmed_abs,ct,2004,12339,10775,0
pubmed_abs,ct,2005,13858,12458,0
pubmed_abs,ct,2006,12375,11967,0
pubmed_abs,ct,2007,11756,11865,0
pubmed_abs,ct,2008,10830,11035,0
pubmed_abs,ct,2009,10579,10682,0
pubmed_abs,ct,2010,10737,11257,0
pubmed_abs,ct,2011,12198,13473,0
pubmed_abs,ct,2012,13483,15064,0
pubmed_abs,ct,2013,13984,16452,0
pubmed_abs,ct,2014,12927,15621,0
pubmed_abs,ct,2015,11502,14183,0
pubmed_abs,ct,2016,9988,12362,0
pubmed_abs,ct,2017,9482,11694,0
pubmed_abs,ct,2018,9557,11415,0
pubmed_abs,ct,2019,9701,11270,0
pubmed_abs,ct,2020,8039,8862,0
pubmed_abs,ct,2021,7713,8589,0
pubmed_abs,ct,2022,5699,6431,0
pubmed_abs,ct,2023,4691,5276,0
pubmed_abs,ct,2024,4351,4119,0
pubmed_abs,ct,2025,2848,2734,0
pubmed_abs,cuj,1990,31431,13425,0
pubmed_abs,cuj,1991,32930,15542,0
pubmed_abs,cuj,1992,34868,18070,0
pubmed_abs,cuj,1993,36976,19713,0
pubmed_abs,cuj,1994,38717,22710,0
pubmed_abs,cuj,1995,40660,25521,0
pubmed_abs,cuj,1996,41001,26643,0
pubmed_abs,cuj,1997,42522,28921,0
pubmed_abs,cuj,1998,43762,30782,0
pubmed_abs,cuj,1999,45760,32504,0
pubmed_abs,cuj,2000,47381,32771,0
pubmed_abs,cuj,2001,47703,36108,0
pubmed_abs,cuj,2002,48987,37771,0
pubmed_abs,cuj,2003,52486,40743,0
pubmed_abs,cuj,2004,55694,45228,0
pubmed_abs,cuj,2005,61604,51564,0
pubmed_abs,cuj,2006,64262,52427,0
pubmed_abs,cuj,2007,66637,55671,0
pubmed_abs,cuj,2008,68330,58449,0
pubmed_abs,cuj,2009,68450,60820,0
pubmed_abs,cuj,2010,70953,63869,0
pubmed_abs,cuj,2011,74380,70959,0
pubmed_abs,cuj,2012,74534,73274,0
pubmed_abs,cuj,2013,75326,76773,0
pubmed_abs,cuj,2014,72771,75195,0
pubmed_abs,cuj,2015,73088,77886,0
pubmed_abs,cuj,2016,73888,80486,0
pubmed_abs,cuj,2017,73771,76996,0
pubmed_abs,cuj,2018,74580,78203,0
pubmed_abs,cuj,2019,74905,78742,0
pubmed_abs,cuj,2020,82212,86059,0
pubmed_abs,cuj,2021,82375,85795,0
pubmed_abs,cuj,2022,72683,76585,0
pubmed_abs,cuj,2023,67683,70424,0
pubmed_abs,cuj,2024,69046,72145,0
pubmed_abs,cuj,2025,43477,46640,0
pubmed_abs,meta,1990,214,79,0
pubmed_abs,meta,1991,268,121,0
pubmed_abs,meta,1992,304,84,0
pubmed_abs,meta,1993,274,131,0
pubmed_abs,meta,1994,348,173,0
pubmed_abs,meta,1995,395,223,0
pubmed_abs,meta,1996,445,265,0
pubmed_abs,meta,1997,548,306,0
pubmed_abs,meta,1998,588,275,0
pubmed_abs,meta,1999,681,304,0
pubmed_abs,meta,2000,793,410,0
pubmed_abs,meta,2001,861,445,0
pubmed_abs,meta,2002,1011,572,0
pubmed_abs,meta,2003,1234,820,0
pubmed_abs,meta,2004,1533,890,0
pubmed_abs,meta,2005,2041,1379,0
pubmed_abs,meta,2006,2432,1699,0
pubmed_abs,meta,2007,2742,2168,0
pubmed_abs,meta,2008,3057,2623,0
pubmed_abs,meta,2009,3648,3387,0
pubmed_abs,meta,2010,4510,4541,0
pubmed_abs,meta,2011,5800,6082,0
pubmed_abs,meta,2012,7729,8645,0
pubmed_abs,meta,2013,9546,11720,0
pubmed_abs,meta,2014,11132,14274,0
pubmed_abs,meta,2015,12379,16329,0
pubmed_abs,meta,2016,12998,16577,0
pubmed_abs,meta,2017,13709,18198,0
pubmed_abs,meta,2018,14548,19300,0
pubmed_abs,meta,2019,16283,22079,0
pubmed_abs,meta,2020,19660,27410,0
pubmed_abs,meta,2021,22723,31426,0
pubmed_abs,meta,2022,23300,32562,0
pubmed_abs,meta,2023,22483,31977,0
pubmed_abs,meta,2024,23544,34664,0
pubmed_abs,meta,2025,14518,22195,0
pubmed_abs,rct,1990,6146,4973,0
pubmed_abs,rct,1991,6643,5947,0
pubmed_abs,rct,1992,7131,6589,0
pubmed_abs,rct,1993,7747,7886,0
pubmed_abs,rct,1994,8930,9135,0
pubmed_abs,rct,1995,9770,11044,0
pubmed_abs,rct,1996,9611,11556,0
pubmed_abs,rct,1997,9844,12298,0
pubmed_abs,rct,1998,10236,13153,0
pubmed_abs,rct,1999,10976,14436,0
pubmed_abs,rct,2000,10684,14202,0
pubmed_abs,rct,2001,11580,15448,0
pubmed_abs,rct,2002,11717,17099,0
pubmed_abs,rct,2003,12990,19276,0
pubmed_abs,rct,2004,14793,21839,0
pubmed_abs,rct,2005,15867,24991,0
pubmed_abs,rct,2006,16986,26430,0
pubmed_abs,rct,2007,18676,28647,0
pubmed_abs,rct,2008,19216,30535,0
pubmed_abs,rct,2009,20310,32887,0
pubmed_abs,rct,2010,22206,35353,0
pubmed_abs,rct,2011,24998,39730,0
pubmed_abs,rct,2012,27142,44522,0
pubmed_abs,rct,2013,29398,46997,0
pubmed_abs,rct,2014,29674,49426,0
pubmed_abs,rct,2015,29395,48986,0
pubmed_abs,rct,2016,28269,48112,0
pubmed_abs,rct,2017,28112,48288,0
pubmed_abs,rct,2018,26683,47001,0
pubmed_abs,rct,2019,26493,47490,0
pubmed_abs,rct,2020,28524,51912,0
pubmed_abs,rct,2021,29569,53393,0
pubmed_abs,rct,2022,28591,52270,0
pubmed_abs,rct,2023,25344,46417,0
pubmed_abs,rct,2024,27230,53062,0
pubmed_abs,rct,2025,17160,34100,0
pubmed_abs,review,1990,24277,377,0
pubmed_abs,review,1991,26350,449,0
pubmed_abs,review,1992,27779,467,0
pubmed_abs,review,1993,29002,436,0
pubmed_abs,review,1994,30760,435,0
pubmed_abs,review,1995,33077,576,0
pubmed_abs,review,1996,35582,705,0
pubmed_abs,review,1997,37858,725,0
pubmed_abs,review,1998,41132,708,0
pubmed_abs,review,1999,42494,534,0
pubmed_abs,review,2000,48551,562,0
pubmed_abs,review,2001,50445,675,0
pubmed_abs,review,2002,55064,739,0
pubmed_abs,review,2003,59729,1077,0
pubmed_abs,review,2004,64980,1356,0
pubmed_abs,review,2005,68723,1135,0
pubmed_abs,review,2006,73521,990,0
pubmed_abs,review,2007,76879,1209,0
pubmed_abs,review,2008,78184,1141,0
pubmed_abs,review,2009,79782,1277,0
pubmed_abs,review,2010,84163,1579,0
pubmed_abs,review,2011,89325,1755,0
pubmed_abs,review,2012,94776,2113,0
pubmed_abs,review,2013,99025,2429,0
pubmed_abs,review,2014,103221,2515,0
pubmed_abs,review,2015,105352,2855,0
pubmed_abs,review,2016,108365,3244,0
pubmed_abs,review,2017,109867,3232,0
pubmed_abs,review,2018,111873,3266,0
pubmed_abs,review,2019,114998,3456,0
pubmed_abs,review,2020,131987,4245,0
pubmed_abs,review,2021,142452,5310,0
pubmed_abs,review,2022,136747,7050,0
pubmed_abs,review,2023,128108,7097,0
pubmed_abs,review,2024,137297,5005,0
pubmed_abs,review,2025,84526,2253,0
