field,year,bin,lt,eq,gt,other
all,1990,1,15,0,0,0
all,1990,2,0,0,0,0
all,1990,3,0,0,0,0
all,1990,4,0,1,0,0
all,1990,5,0,0,0,0
all,1990,6,0,0,0,0
all,1990,7,0,1,0,0
all,1990,8,0,0,0,0
all,1990,9,0,0,0,0
all,1990,10,15,1,0,0
all,1990,11,0,0,0,0
all,1990,12,0,0,0,0
all,1990,13,0,0,0,0
all,1990,14,0,0,0,0
all,1990,15,0,0,0,0
all,1990,16,0,0,0,0
all,1990,17,0,0,0,0
all,1990,18,0,0,0,0
all,1990,19,0,0,0,0
all,1990,20,1,0,0,0
all,1990,21,0,0,0,0
all,1990,22,0,0,0,0
all,1990,23,0,0,0,0
all,1990,24,0,0,0,0
all,1990,25,0,0,0,0
all,1990,26,0,0,0,0
all,1990,27,0,0,0,0
all,1990,28,0,0,0,0
all,1990,29,0,0,0,0
all,1990,30,0,0,0,0
all,1990,31,0,0,0,0
all,1990,32,0,0,0,0
all,1990,33,0,0,0,0
all,1990,34,0,0,0,0
all,1990,35,0,0,0,0
all,1990,36,0,0,0,0
all,1990,37,0,0,0,0
all,1990,38,0,0,0,0
all,1990,39,0,0,0,0
all,1990,40,0,0,0,0
all,1990,41,0,0,0,0
all,1990,42,0,0,0,0
all,1990,43,0,0,0,0
all,1990,44,0,0,0,0
all,1990,45,0,0,0,0
all,1990,46,0,0,0,0
all,1990,47,0,0,0,0
all,1990,48,0,0,0,0
all,1990,49,0,0,0,0
all,1990,50,19,2,2,0
all,1990,51,2,6,1,0
all,1991,1,29,3,0,0
all,1991,2,2,0,0,0
all,1991,3,1,1,0,0
all,1991,4,0,0,0,0
all,1991,5,6,0,0,0
all,1991,6,0,0,0,0
all,1991,7,0,0,0,0
all,1991,8,0,0,0,0
all,1991,9,0,0,0,0
all,1991,10,10,2,0,0
all,1991,11,0,0,0,0
all,1991,12,0,0,0,0
all,1991,13,0,0,0,0
all,1991,14,0,0,0,0
all,1991,15,0,0,0,0
all,1991,16,0,0,0,0
all,1991,17,0,0,0,0
all,1991,18,0,0,0,0
all,1991,19,0,0,0,0
all,1991,20,2,3,0,0
all,1991,21,0,0,0,0
all,1991,22,0,0,0,0
all,1991,23,0,0,0,0
all,1991,24,0,0,0,0
all,1991,25,0,0,0,0
all,1991,26,0,0,0,0
all,1991,27,0,0,0,0
all,1991,28,0,0,0,0
all,1991,29,0,0,0,0
all,1991,30,0,0,0,0
all,1991,31,0,0,0,0
all,1991,32,0,0,0,0
all,1991,33,0,0,0,0
all,1991,34,0,0,0,0
all,1991,35,0,0,0,0
all,1991,36,0,0,0,0
all,1991,37,0,0,0,0
all,1991,38,0,0,0,0
all,1991,39,0,0,0,0
all,1991,40,0,0,0,0
all,1991,41,0,0,0,0
all,1991,42,0,0,0,0
all,1991,43,0,0,0,0
all,1991,44,0,0,0,0
all,1991,45,0,0,0,0
all,1991,46,0,0,0,0
all,1991,47,0,0,0,0
all,1991,48,0,0,0,0
all,1991,49,0,0,0,0
all,1991,50,8,0,0,0
all,1991,51,2,6,0,0
all,1992,1,7,1,0,0
all,1992,2,0,0,0,0
all,1992,3,0,0,0,0
all,1992,4,0,0,0,0
all,1992,5,11,0,0,0
all,1992,6,0,0,0,0
all,1992,7,0,0,0,0
all,1992,8,0,0,0,0
all,1992,9,0,0,0,0
all,1992,10,6,0,0,0
all,1992,11,0,0,0,0
all,1992,12,0,0,0,0
all,1992,13,0,0,0,0
all,1992,14,0,0,0,0
all,1992,15,0,0,0,0
all,1992,16,0,0,0,0
all,1992,17,0,0,0,0
all,1992,18,0,0,0,0
all,1992,19,0,0,0,0
all,1992,20,0,0,0,0
all,1992,21,0,0,0,0
all,1992,22,0,0,0,0
all,1992,23,0,0,0,0
all,1992,24,0,0,0,0
all,1992,25,2,0,0,0
all,1992,26,0,0,0,0
all,1992,27,0,0,0,0
all,1992,28,0,0,0,0
all,1992,29,0,0,0,0
all,1992,30,0,0,0,0
all,1992,31,0,0,0,0
all,1992,32,0,0,0,0
all,1992,33,0,0,0,0
all,1992,34,0,0,0,0
all,1992,35,0,0,0,0
all,1992,36,0,0,0,0
all,1992,37,0,0,0,0
all,1992,38,0,0,0,0
all,1992,39,0,0,0,0
all,1992,40,0,0,0,0
all,1992,41,0,0,0,0
all,1992,42,0,0,0,0
all,1992,43,0,0,0,0
all,1992,44,0,0,0,0
all,1992,45,0,0,0,0
all,1992,46,0,0,0,0
all,1992,47,0,0,0,0
all,1992,48,0,0,0,0
all,1992,49,0,0,0,0
all,1992,50,22,0,0,0
all,1992,51,2,9,0,0
all,1993,1,27,2,0,0
all,1993,2,0,1,0,0
all,1993,3,0,1,0,0
all,1993,4,0,0,0,0
all,1993,5,2,0,0,0
all,1993,6,0,0,0,0
all,1993,7,0,0,0,0
all,1993,8,0,0,0,0
all,1993,9,0,0,0,0
all,1993,10,47,1,0,0
all,1993,11,0,0,0,0
all,1993,12,0,0,0,0
all,1993,13,0,0,0,0
all,1993,14,0,0,0,0
all,1993,15,0,0,0,0
all,1993,16,0,0,0,0
all,1993,17,0,0,0,0
all,1993,18,0,0,0,0
all,1993,19,0,0,0,0
all,1993,20,1,2,0,0
all,1993,21,0,0,0,0
all,1993,22,0,0,0,0
all,1993,23,0,0,0,0
all,1993,24,0,0,0,0
all,1993,25,0,0,0,0
all,1993,26,0,0,0,0
all,1993,27,0,0,0,0
all,1993,28,0,0,0,0
all,1993,29,0,0,0,0
all,1993,30,0,0,0,0
all,1993,31,0,0,0,0
all,1993,32,0,0,0,0
all,1993,33,0,0,0,0
all,1993,34,0,0,0,0
all,1993,35,0,0,0,0
all,1993,36,0,0,0,0
all,1993,37,0,0,0,0
all,1993,38,0,0,0,0
all,1993,39,0,0,0,0
all,1993,40,1,1,0,0
all,1993,41,0,0,0,0
all,1993,42,0,0,0,0
all,1993,43,0,0,0,0
all,1993,44,0,0,0,0
all,1993,45,0,0,0,0
all,1993,46,0,0,0,0
all,1993,47,0,0,0,0
all,1993,48,0,0,0,0
all,1993,49,0,0,0,0
all,1993,50,40,2,2,0
all,1993,51,1,12,1,0
all,1994,1,22,2,0,0
all,1994,2,0,2,0,0
all,1994,3,0,0,0,0
all,1994,4,0,1,0,0
all,1994,5,2,0,2,0
all,1994,6,0,0,0,0
all,1994,7,0,0,0,0
all,1994,8,0,1,0,0
all,1994,9,0,1,0,0
all,1994,10,17,2,0,0
all,1994,11,0,0,0,0
all,1994,12,0,0,0,0
all,1994,13,0,0,0,0
all,1994,14,0,0,0,0
all,1994,15,0,0,0,0
all,1994,16,0,0,0,0
all,1994,17,0,0,0,0
all,1994,18,0,1,0,0
all,1994,19,0,0,0,0
all,1994,20,1,0,0,0
all,1994,21,0,0,0,0
all,1994,22,0,1,0,0
all,1994,23,0,1,0,0
all,1994,24,0,1,0,0
all,1994,25,0,0,0,0
all,1994,26,0,2,0,0
all,1994,27,0,0,0,0
all,1994,28,0,0,0,0
all,1994,29,0,0,0,0
all,1994,30,1,0,0,0
all,1994,31,0,0,0,0
all,1994,32,0,0,0,0
all,1994,33,0,0,0,0
all,1994,34,0,0,0,0
all,1994,35,0,0,0,0
all,1994,36,0,0,0,0
all,1994,37,0,1,0,0
all,1994,38,0,0,0,0
all,1994,39,0,0,0,0
all,1994,40,0,1,0,0
all,1994,41,0,0,0,0
all,1994,42,0,0,0,0
all,1994,43,0,0,0,0
all,1994,44,0,0,0,0
all,1994,45,0,0,0,0
all,1994,46,0,1,0,0
all,1994,47,0,0,0,0
all,1994,48,0,0,0,0
all,1994,49,0,0,0,0
all,1994,50,58,1,10,0
all,1994,51,3,20,3,0
all,1995,1,26,6,0,0
all,1995,2,1,1,0,0
all,1995,3,2,1,0,0
all,1995,4,0,1,0,0
all,1995,5,4,0,0,0
all,1995,6,0,0,0,0
all,1995,7,0,0,0,0
all,1995,8,1,0,0,0
all,1995,9,0,1,0,0
all,1995,10,16,0,0,0
all,1995,11,2,2,0,0
all,1995,12,0,2,0,0
all,1995,13,2,0,0,0
all,1995,14,0,0,0,0
all,1995,15,1,0,0,0
all,1995,16,0,0,0,0
all,1995,17,0,1,0,0
all,1995,18,1,0,0,0
all,1995,19,1,0,0,0
all,1995,20,3,0,0,0
all,1995,21,0,0,0,0
all,1995,22,0,0,0,0
all,1995,23,0,2,0,0
all,1995,24,0,0,0,0
all,1995,25,3,0,0,0
all,1995,26,0,1,0,0
all,1995,27,1,0,0,0
all,1995,28,0,0,0,0
all,1995,29,0,1,0,0
all,1995,30,0,1,0,0
all,1995,31,1,0,0,0
all,1995,32,0,0,0,0
all,1995,33,0,1,0,0
all,1995,34,0,0,0,0
all,1995,35,0,1,0,0
all,1995,36,2,0,0,0
all,1995,37,0,0,0,0
all,1995,38,1,0,0,0
all,1995,39,1,1,0,0
all,1995,40,1,0,0,0
all,1995,41,0,0,0,0
all,1995,42,0,0,0,0
all,1995,43,0,0,0,0
all,1995,44,0,0,0,0
all,1995,45,0,0,0,0
all,1995,46,2,1,0,0
all,1995,47,0,0,0,0
all,1995,48,1,0,0,0
all,1995,49,0,0,0,0
all,1995,50,42,0,11,0
all,1995,51,4,8,2,0
all,1996,1,21,11,0,0
all,1996,2,1,2,0,0
all,1996,3,1,2,0,0
all,1996,4,2,2,0,0
all,1996,5,1,2,0,0
all,1996,6,0,0,0,0
all,1996,7,0,0,0,0
all,1996,8,2,1,0,0
all,1996,9,0,0,0,0
all,1996,10,42,2,0,0
all,1996,11,0,0,0,0
all,1996,12,0,0,0,0
all,1996,13,0,1,0,0
all,1996,14,0,1,0,0
all,1996,15,0,1,0,0
all,1996,16,0,0,0,0
all,1996,17,0,1,0,0
all,1996,18,0,0,0,0
all,1996,19,0,0,0,0
all,1996,20,2,1,0,0
all,1996,21,0,0,0,0
all,1996,22,0,0,0,0
all,1996,23,0,2,0,0
all,1996,24,0,0,0,0
all,1996,25,0,0,0,0
all,1996,26,0,0,0,0
all,1996,27,0,0,0,0
all,1996,28,0,2,0,0
all,1996,29,0,0,0,0
all,1996,30,1,2,1,0
all,1996,31,0,0,0,0
all,1996,32,0,0,0,0
all,1996,33,0,0,0,0
all,1996,34,0,2,0,0
all,1996,35,0,0,0,0
all,1996,36,0,0,0,0
all,1996,37,0,0,0,0
all,1996,38,0,0,0,0
all,1996,39,0,0,0,0
all,1996,40,4,0,0,0
all,1996,41,0,0,0,0
all,1996,42,0,0,0,0
all,1996,43,0,0,0,0
all,1996,44,0,0,0,0
all,1996,45,0,2,0,0
all,1996,46,0,0,0,0
all,1996,47,0,0,0,0
all,1996,48,0,1,0,0
all,1996,49,0,0,0,0
all,1996,50,33,5,4,0
all,1996,51,1,30,3,0
all,1997,1,197,37,0,0
all,1997,2,7,8,0,0
all,1997,3,6,5,0,0
all,1997,4,6,4,0,0
all,1997,5,39,3,0,0
all,1997,6,0,1,0,0
all,1997,7,1,1,0,0
all,1997,8,3,5,0,0
all,1997,9,2,0,0,0
all,1997,10,184,11,0,0
all,1997,11,0,2,0,0
all,1997,12,1,2,0,0
all,1997,13,1,1,0,0
all,1997,14,0,1,0,0
all,1997,15,1,1,0,0
all,1997,16,0,0,0,0
all,1997,17,0,1,0,0
all,1997,18,0,1,0,0
all,1997,19,0,0,0,0
all,1997,20,16,7,0,0
all,1997,21,0,0,0,0
all,1997,22,0,0,0,0
all,1997,23,0,0,0,0
all,1997,24,0,1,0,0
all,1997,25,4,2,0,0
all,1997,26,0,0,0,0
all,1997,27,0,0,0,0
all,1997,28,0,3,0,0
all,1997,29,0,1,0,0
all,1997,30,14,6,0,0
all,1997,31,0,0,0,0
all,1997,32,0,0,0,0
all,1997,33,0,0,0,0
all,1997,34,0,1,0,0
all,1997,35,0,1,0,0
all,1997,36,0,1,0,0
all,1997,37,0,1,0,0
all,1997,38,0,0,0,0
all,1997,39,0,1,0,0
all,1997,40,4,3,0,0
all,1997,41,0,0,0,0
all,1997,42,0,0,0,0
all,1997,43,0,0,0,0
all,1997,44,0,0,0,0
all,1997,45,0,1,0,0
all,1997,46,0,0,0,0
all,1997,47,0,1,0,0
all,1997,48,0,2,0,0
all,1997,49,0,0,0,0
all,1997,50,278,9,43,0
all,1997,51,18,96,37,0
all,1998,1,259,43,2,0
all,1998,2,5,16,0,0
all,1998,3,0,12,0,0
all,1998,4,3,14,0,0
all,1998,5,44,9,2,0
all,1998,6,1,8,0,0
all,1998,7,2,5,0,0
all,1998,8,6,6,0,0
all,1998,9,2,5,0,0
all,1998,10,205,16,3,0
all,1998,11,0,2,0,0
all,1998,12,0,5,0,0
all,1998,13,0,6,0,0
all,1998,14,0,2,0,0
all,1998,15,0,1,0,0
all,1998,16,0,0,0,0
all,1998,17,0,2,0,0
all,1998,18,0,3,0,0
all,1998,19,0,1,0,0
all,1998,20,25,17,0,0
all,1998,21,0,0,0,0
all,1998,22,0,0,0,0
all,1998,23,0,0,0,0
all,1998,24,0,1,0,0
all,1998,25,4,0,0,0
all,1998,26,0,0,0,0
all,1998,27,0,0,0,0
all,1998,28,0,2,0,0
all,1998,29,0,1,0,0
all,1998,30,9,11,0,0
all,1998,31,0,0,0,0
all,1998,32,0,1,0,0
all,1998,33,0,1,0,0
all,1998,34,1,1,0,0
all,1998,35,1,3,0,0
all,1998,36,0,0,0,0
all,1998,37,0,0,0,0
all,1998,38,1,3,0,0
all,1998,39,0,2,0,0
all,1998,40,7,13,0,0
all,1998,41,0,0,0,0
all,1998,42,0,0,0,0
all,1998,43,1,0,0,0
all,1998,44,0,0,0,0
all,1998,45,0,0,0,0
all,1998,46,0,0,0,0
all,1998,47,0,0,0,0
all,1998,48,0,1,0,0
all,1998,49,1,0,0,0
all,1998,50,344,14,44,0
all,1998,51,10,104,44,0
all,1999,1,275,88,0,0
all,1999,2,12,23,0,0
all,1999,3,4,11,0,0
all,1999,4,1,14,0,0
all,1999,5,36,9,0,0
all,1999,6,2,8,0,0
all,1999,7,1,7,0,0
all,1999,8,6,9,0,0
all,1999,9,3,8,0,0
all,1999,10,128,26,1,0
all,1999,11,0,2,0,0
all,1999,12,1,2,0,0
all,1999,13,0,3,0,0
all,1999,14,0,3,0,0
all,1999,15,1,1,0,0
all,1999,16,0,2,0,0
all,1999,17,0,3,0,0
all,1999,18,1,2,0,0
all,1999,19,0,2,0,0
all,1999,20,18,17,0,0
all,1999,21,0,3,0,0
all,1999,22,0,1,0,0
all,1999,23,1,0,0,0
all,1999,24,0,2,0,0
all,1999,25,3,4,0,0
all,1999,26,2,1,0,0
all,1999,27,0,3,0,0
all,1999,28,0,2,0,0
all,1999,29,0,0,0,0
all,1999,30,12,9,0,0
all,1999,31,0,0,0,0
all,1999,32,0,1,0,0
all,1999,33,1,0,0,0
all,1999,34,1,2,0,0
all,1999,35,0,2,0,0
all,1999,36,0,0,0,0
all,1999,37,0,0,0,0
all,1999,38,0,0,0,0
all,1999,39,0,0,0,0
all,1999,40,5,12,0,0
all,1999,41,0,1,0,0
all,1999,42,0,1,0,0
all,1999,43,0,1,0,0
all,1999,44,0,2,0,0
all,1999,45,0,0,0,0
all,1999,46,0,0,0,0
all,1999,47,1,0,0,0
all,1999,48,0,0,0,0
all,1999,49,0,1,0,0
all,1999,50,369,13,54,0
all,1999,51,15,163,52,0
all,2000,1,375,89,0,0
all,2000,2,16,33,0,0
all,2000,3,8,31,0,0
all,2000,4,9,20,0,0
all,2000,5,39,14,0,0
all,2000,6,2,15,0,0
all,2000,7,0,13,0,0
all,2000,8,4,15,3,0
all,2000,9,0,10,0,0
all,2000,10,222,39,5,0
all,2000,11,0,2,0,0
all,2000,12,2,3,0,0
all,2000,13,0,3,0,0
all,2000,14,2,3,0,0
all,2000,15,5,6,0,0
all,2000,16,2,4,0,0
all,2000,17,2,4,0,0
all,2000,18,0,5,0,0
all,2000,19,0,4,0,0
all,2000,20,16,41,0,0
all,2000,21,0,4,0,0
all,2000,22,0,3,0,0
all,2000,23,0,2,0,0
all,2000,24,1,3,0,0
all,2000,25,8,3,0,0
all,2000,26,1,5,0,0
all,2000,27,0,4,0,0
all,2000,28,1,1,0,0
all,2000,29,0,3,0,0
all,2000,30,14,32,0,0
all,2000,31,0,3,0,0
all,2000,32,1,1,0,0
all,2000,33,0,3,0,0
all,2000,34,0,1,0,0
all,2000,35,0,5,0,0
all,2000,36,0,2,0,0
all,2000,37,1,1,0,0
all,2000,38,0,2,0,0
all,2000,39,0,3,0,0
all,2000,40,6,37,0,0
all,2000,41,0,0,0,0
all,2000,42,0,2,0,0
all,2000,43,0,1,0,0
all,2000,44,0,3,0,0
all,2000,45,1,1,0,0
all,2000,46,0,0,0,0
all,2000,47,0,2,0,0
all,2000,48,0,5,0,0
all,2000,49,0,5,0,0
all,2000,50,406,31,60,0
all,2000,51,25,276,58,0
all,2001,1,869,237,2,0
all,2001,2,39,73,0,0
all,2001,3,11,60,0,0
all,2001,4,10,38,0,0
all,2001,5,95,36,2,0
all,2001,6,4,36,0,0
all,2001,7,4,26,0,0
all,2001,8,2,36,0,0
all,2001,9,4,25,0,0
all,2001,10,415,69,11,0
all,2001,11,0,8,0,0
all,2001,12,1,15,0,0
all,2001,13,0,9,0,0
all,2001,14,1,12,0,0
all,2001,15,3,7,0,0
all,2001,16,2,17,0,0
all,2001,17,0,14,0,0
all,2001,18,0,10,0,0
all,2001,19,0,5,0,0
all,2001,20,46,94,0,0
all,2001,21,0,5,0,0
all,2001,22,1,10,0,0
all,2001,23,1,1,0,0
all,2001,24,0,9,0,0
all,2001,25,9,10,0,0
all,2001,26,0,7,0,0
all,2001,27,1,6,0,0
all,2001,28,0,5,0,0
all,2001,29,0,11,0,0
all,2001,30,29,43,0,0
all,2001,31,0,13,0,0
all,2001,32,0,7,0,0
all,2001,33,0,12,0,0
all,2001,34,1,4,0,0
all,2001,35,2,9,0,0
all,2001,36,1,7,0,0
all,2001,37,0,8,0,0
all,2001,38,0,4,0,0
all,2001,39,0,5,0,0
all,2001,40,16,59,0,0
all,2001,41,0,9,0,0
all,2001,42,0,5,0,0
all,2001,43,0,4,0,0
all,2001,44,0,6,0,0
all,2001,45,2,8,0,0
all,2001,46,0,8,0,0
all,2001,47,0,6,0,0
all,2001,48,0,8,0,0
all,2001,49,1,7,0,0
all,2001,50,1189,47,165,0
all,2001,51,27,603,60,0
all,2002,1,1979,477,7,0
all,2002,2,68,182,0,0
all,2002,3,33,98,0,0
all,2002,4,16,94,0,0
all,2002,5,120,88,1,0
all,2002,6,14,74,0,0
all,2002,7,13,63,0,0
all,2002,8,12,63,0,0
all,2002,9,10,67,0,0
all,2002,10,1080,206,5,0
all,2002,11,2,21,0,0
all,2002,12,2,35,0,0
all,2002,13,1,36,0,0
all,2002,14,6,41,0,0
all,2002,15,7,34,0,0
all,2002,16,2,29,0,0
all,2002,17,3,28,0,0
all,2002,18,1,22,0,0
all,2002,19,2,21,0,0
all,2002,20,115,173,3,0
all,2002,21,0,10,0,0
all,2002,22,1,10,0,0
all,2002,23,0,22,0,0
all,2002,24,5,20,0,0
all,2002,25,27,19,0,0
all,2002,26,3,21,0,0
all,2002,27,3,16,0,0
all,2002,28,1,31,0,0
all,2002,29,2,27,0,0
all,2002,30,60,155,0,0
all,2002,31,0,11,0,0
all,2002,32,2,17,0,0
all,2002,33,0,13,0,0
all,2002,34,0,17,0,0
all,2002,35,5,20,0,0
all,2002,36,6,16,0,0
all,2002,37,0,15,0,0
all,2002,38,0,14,0,0
all,2002,39,0,13,0,0
all,2002,40,52,121,1,0
all,2002,41,0,13,0,0
all,2002,42,0,15,0,0
all,2002,43,0,7,0,0
all,2002,44,0,8,0,0
all,2002,45,0,14,0,0
all,2002,46,0,18,0,0
all,2002,47,0,16,0,0
all,2002,48,0,15,0,0
all,2002,49,1,14,0,0
all,2002,50,2211,120,291,0
all,2002,51,109,1404,162,0
all,2003,1,3194,643,8,0
all,2003,2,101,225,1,0
all,2003,3,36,181,1,0
all,2003,4,25,136,0,0
all,2003,5,206,144,2,0
all,2003,6,13,106,0,0
all,2003,7,16,79,0,0
all,2003,8,17,87,0,0
all,2003,9,8,79,0,0
all,2003,10,1594,266,12,0
all,2003,11,1,47,0,0
all,2003,12,3,38,0,0
all,2003,13,3,41,0,0
all,2003,14,2,48,0,0
all,2003,15,4,47,0,0
all,2003,16,2,50,0,0
all,2003,17,4,38,0,0
all,2003,18,2,36,0,0
all,2003,19,3,23,0,0
all,2003,20,154,283,1,0
all,2003,21,1,25,0,0
all,2003,22,2,21,0,0
all,2003,23,1,19,0,0
all,2003,24,0,31,0,0
all,2003,25,25,39,1,0
all,2003,26,0,38,0,0
all,2003,27,5,20,0,0
all,2003,28,5,30,0,0
all,2003,29,2,23,0,0
all,2003,30,66,220,2,0
all,2003,31,1,15,0,0
all,2003,32,0,26,0,0
all,2003,33,1,19,0,0
all,2003,34,1,22,0,0
all,2003,35,0,17,0,0
all,2003,36,0,18,0,0
all,2003,37,2,27,0,0
all,2003,38,0,26,0,0
all,2003,39,0,14,0,0
all,2003,40,51,171,0,0
all,2003,41,0,15,0,0
all,2003,42,1,17,0,0
all,2003,43,0,31,0,0
all,2003,44,0,13,0,0
all,2003,45,1,24,0,0
all,2003,46,0,22,0,0
all,2003,47,0,29,0,0
all,2003,48,0,17,0,0
all,2003,49,1,16,0,0
all,2003,50,3059,172,296,0
all,2003,51,142,2178,188,0
all,2004,1,4749,1017,9,0
all,2004,2,87,398,0,0
all,2004,3,55,295,0,0
all,2004,4,26,220,0,0
all,2004,5,289,195,5,0
all,2004,6,19,147,0,0
all,2004,7,25,157,0,0
all,2004,8,23,169,0,0
all,2004,9,11,135,0,0
all,2004,10,2135,429,7,0
all,2004,11,0,53,0,0
all,2004,12,10,77,0,0
all,2004,13,9,82,0,0
all,2004,14,0,65,0,0
all,2004,15,10,58,0,0
all,2004,16,10,66,0,0
all,2004,17,4,64,0,0
all,2004,18,3,64,0,0
all,2004,19,2,53,0,0
all,2004,20,152,410,0,0
all,2004,21,4,47,0,0
all,2004,22,0,66,0,0
all,2004,23,0,52,0,0
all,2004,24,0,52,0,0
all,2004,25,46,68,0,0
all,2004,26,2,59,1,0
all,2004,27,4,49,0,0
all,2004,28,1,60,0,0
all,2004,29,1,51,0,0
all,2004,30,71,357,0,0
all,2004,31,2,39,0,0
all,2004,32,1,55,0,0
all,2004,33,0,22,0,0
all,2004,34,0,32,0,0
all,2004,35,3,48,0,0
all,2004,36,1,40,0,0
all,2004,37,2,29,0,0
all,2004,38,0,41,0,0
all,2004,39,1,26,0,0
all,2004,40,53,299,0,0
all,2004,41,0,29,0,0
all,2004,42,1,25,0,0
all,2004,43,0,34,0,0
all,2004,44,1,26,0,0
all,2004,45,0,34,1,0
all,2004,46,0,28,0,0
all,2004,47,1,32,0,0
all,2004,48,1,36,0,0
all,2004,49,1,35,0,0
all,2004,50,4481,273,595,0
all,2004,51,221,3814,272,0
all,2005,1,7810,1739,33,0
all,2005,2,130,675,2,0
all,2005,3,81,480,0,0
all,2005,4,50,389,0,0
all,2005,5,387,354,5,0
all,2005,6,34,310,0,0
all,2005,7,44,269,0,0
all,2005,8,37,256,0,0
all,2005,9,20,215,0,0
all,2005,10,3579,724,39,0
all,2005,11,11,127,0,0
all,2005,12,12,152,1,0
all,2005,13,4,126,0,0
all,2005,14,4,126,0,0
all,2005,15,5,146,0,0
all,2005,16,10,135,0,0
all,2005,17,15,111,1,0
all,2005,18,4,131,0,0
all,2005,19,5,97,0,0
all,2005,20,237,731,3,0
all,2005,21,0,81,0,0
all,2005,22,2,71,0,0
all,2005,23,3,71,0,0
all,2005,24,0,74,0,0
all,2005,25,47,93,1,0
all,2005,26,2,86,0,0
all,2005,27,3,87,0,0
all,2005,28,4,81,0,0
all,2005,29,3,85,0,0
all,2005,30,119,622,3,0
all,2005,31,2,68,0,0
all,2005,32,7,82,0,0
all,2005,33,4,56,0,0
all,2005,34,2,54,0,0
all,2005,35,1,87,1,0
all,2005,36,8,77,0,0
all,2005,37,2,81,0,0
all,2005,38,2,85,0,0
all,2005,39,3,67,0,0
all,2005,40,94,480,6,0
all,2005,41,1,59,1,0
all,2005,42,2,64,0,0
all,2005,43,2,58,0,0
all,2005,44,1,58,0,0
all,2005,45,6,61,1,0
all,2005,46,2,57,0,0
all,2005,47,2,64,0,0
all,2005,48,3,70,0,0
all,2005,49,0,77,0,0
all,2005,50,7506,422,978,0
all,2005,51,428,5930,386,0
all,2006,1,10992,2493,27,0
all,2006,2,202,880,1,0
all,2006,3,116,714,0,0
all,2006,4,74,549,1,0
all,2006,5,509,490,5,0
all,2006,6,51,419,0,0
all,2006,7,31,395,0,0
all,2006,8,45,338,0,0
all,2006,9,25,327,0,0
all,2006,10,4764,1065,57,0
all,2006,11,9,177,0,0
all,2006,12,15,187,0,0
all,2006,13,22,171,0,0
all,2006,14,3,189,0,0
all,2006,15,25,172,0,0
all,2006,16,13,147,0,0
all,2006,17,26,136,2,0
all,2006,18,13,158,0,0
all,2006,19,5,147,0,0
all,2006,20,347,1061,4,0
all,2006,21,8,118,0,0
all,2006,22,4,94,0,0
all,2006,23,8,97,0,0
all,2006,24,4,133,0,0
all,2006,25,62,127,1,0
all,2006,26,12,126,0,0
all,2006,27,5,101,0,0
all,2006,28,6,111,0,0
all,2006,29,2,108,0,0
all,2006,30,202,809,0,0
all,2006,31,2,97,0,0
all,2006,32,3,96,0,0
all,2006,33,6,83,0,0
all,2006,34,2,115,0,0
all,2006,35,4,111,0,0
all,2006,36,3,78,0,0
all,2006,37,5,87,0,0
all,2006,38,4,99,1,0
all,2006,39,4,77,0,0
all,2006,40,139,673,1,0
all,2006,41,2,79,0,0
all,2006,42,6,77,0,0
all,2006,43,4,77,0,0
all,2006,44,4,65,0,0
all,2006,45,3,110,0,0
all,2006,46,2,91,0,0
all,2006,47,1,81,0,0
all,2006,48,4,100,0,0
all,2006,49,3,108,0,0
all,2006,50,10186,672,1371,0
all,2006,51,574,8669,575,0
all,2007,1,17081,3990,73,0
all,2007,2,242,1415,3,0
all,2007,3,155,936,1,0
all,2007,4,92,789,1,0
all,2007,5,843,752,9,0
all,2007,6,55,586,0,0
all,2007,7,63,536,0,0
all,2007,8,63,481,3,0
all,2007,9,39,471,0,0
all,2007,10,7387,1506,82,0
all,2007,11,15,273,0,0
all,2007,12,18,299,0,0
all,2007,13,23,273,1,0
all,2007,14,9,262,0,0
all,2007,15,25,251,0,0
all,2007,16,14,260,0,0
all,2007,17,33,237,3,0
all,2007,18,11,199,0,0
all,2007,19,9,180,0,0
all,2007,20,464,1396,4,0
all,2007,21,11,151,0,0
all,2007,22,9,167,0,0
all,2007,23,8,172,0,0
all,2007,24,7,184,0,0
all,2007,25,89,177,2,0
all,2007,26,8,191,0,0
all,2007,27,4,175,0,0
all,2007,28,4,170,0,0
all,2007,29,6,148,0,0
all,2007,30,245,1135,4,0
all,2007,31,5,130,0,0
all,2007,32,9,144,0,0
all,2007,33,11,135,0,0
all,2007,34,7,120,0,0
all,2007,35,16,168,0,0
all,2007,36,11,147,0,0
all,2007,37,11,143,0,0
all,2007,38,7,134,0,0
all,2007,39,2,115,0,0
all,2007,40,173,963,3,0
all,2007,41,1,113,0,0
all,2007,42,2,147,0,0
all,2007,43,3,131,0,0
all,2007,44,4,105,0,0
all,2007,45,7,140,0,0
all,2007,46,4,120,0,0
all,2007,47,7,128,0,0
all,2007,48,5,109,0,0
all,2007,49,8,147,0,0
all,2007,50,16596,894,2193,0
all,2007,51,898,13540,1187,0
all,2008,1,27902,6135,112,0
all,2008,2,476,2349,2,0
all,2008,3,212,1685,17,0
all,2008,4,168,1376,0,0
all,2008,5,1557,1203,12,0
all,2008,6,128,1007,3,0
all,2008,7,77,934,1,0
all,2008,8,72,836,0,0
all,2008,9,62,772,2,0
all,2008,10,12272,2269,120,0
all,2008,11,38,467,0,0
all,2008,12,21,465,0,0
all,2008,13,25,406,3,0
all,2008,14,23,444,0,0
all,2008,15,36,419,1,0
all,2008,16,25,414,0,0
all,2008,17,69,379,6,0
all,2008,18,23,381,1,0
all,2008,19,13,350,1,0
all,2008,20,672,2211,9,0
all,2008,21,16,275,0,0
all,2008,22,13,284,0,0
all,2008,23,12,273,0,0
all,2008,24,10,286,0,0
all,2008,25,103,340,1,0
all,2008,26,15,278,0,0
all,2008,27,11,281,0,0
all,2008,28,6,296,0,0
all,2008,29,12,253,0,0
all,2008,30,379,1825,2,0
all,2008,31,5,236,1,0
all,2008,32,9,250,1,0
all,2008,33,2,229,0,0
all,2008,34,6,267,0,0
all,2008,35,11,263,0,0
all,2008,36,10,257,0,0
all,2008,37,9,273,0,0
all,2008,38,13,258,1,0
all,2008,39,10,214,0,0
all,2008,40,261,1474,4,0
all,2008,41,6,170,0,0
all,2008,42,10,191,0,0
all,2008,43,8,218,0,0
all,2008,44,2,181,0,0
all,2008,45,16,234,2,0
all,2008,46,7,240,0,0
all,2008,47,8,233,0,0
all,2008,48,5,209,0,0
all,2008,49,9,196,0,0
all,2008,50,28345,1521,3740,1
all,2008,51,1276,21562,1871,0
all,2009,1,39456,8880,114,0
all,2009,2,629,3338,3,0
all,2009,3,316,2374,3,0
all,2009,4,255,1917,4,0
all,2009,5,1917,1653,21,0
all,2009,6,145,1389,2,0
all,2009,7,142,1268,0,0
all,2009,8,122,1220,4,0
all,2009,9,78,1047,0,0
all,2009,10,17191,3323,137,0
all,2009,11,36,644,1,0
all,2009,12,33,601,0,0
all,2009,13,69,620,5,0
all,2009,14,27,631,0,0
all,2009,15,51,604,0,0
all,2009,16,47,547,0,0
all,2009,17,67,534,10,0
all,2009,18,26,536,0,0
all,2009,19,20,491,0,0
all,2009,20,944,3077,9,0
all,2009,21,19,410,0,0
all,2009,22,19,416,0,0
all,2009,23,16,419,0,0
all,2009,24,19,408,1,0
all,2009,25,196,417,2,0
all,2009,26,24,424,0,0
all,2009,27,21,446,0,0
all,2009,28,23,436,0,0
all,2009,29,13,330,0,0
all,2009,30,508,2458,2,0
all,2009,31,10,293,0,0
all,2009,32,9,351,0,0
all,2009,33,12,290,0,0
all,2009,34,13,358,0,0
all,2009,35,36,345,0,0
all,2009,36,21,339,0,0
all,2009,37,17,319,0,0
all,2009,38,19,341,0,0
all,2009,39,13,328,0,0
all,2009,40,330,2128,4,0
all,2009,41,5,298,0,0
all,2009,42,12,289,0,0
all,2009,43,8,314,0,0
all,2009,44,15,267,0,0
all,2009,45,17,313,0,0
all,2009,46,12,319,0,0
all,2009,47,16,319,0,0
all,2009,48,10,298,0,0
all,2009,49,19,313,0,0
all,2009,50,41535,1898,5405,0
all,2009,51,1765,30442,2409,0
all,2010,1,58597,12516,156,0
all,2010,2,893,4725,2,0
all,2010,3,459,3402,4,0
all,2010,4,303,2853,10,0
all,2010,5,2939,2441,34,0
all,2010,6,210,1944,5,0
all,2010,7,154,1887,1,0
all,2010,8,200,1776,5,0
all,2010,9,124,1498,0,0
all,2010,10,26980,4865,220,0
all,2010,11,38,910,0,0
all,2010,12,66,1031,0,0
all,2010,13,75,883,3,0
all,2010,14,33,922,1,0
all,2010,15,64,929,0,0
all,2010,16,71,911,7,0
all,2010,17,91,829,15,0
all,2010,18,41,723,0,0
all,2010,19,21,753,1,0
all,2010,20,1367,4596,6,0
all,2010,21,27,668,0,0
all,2010,22,17,565,0,0
all,2010,23,28,592,0,0
all,2010,24,34,596,0,0
all,2010,25,191,667,2,0
all,2010,26,38,569,0,0
all,2010,27,29,635,0,0
all,2010,28,26,590,0,0
all,2010,29,24,553,0,0
all,2010,30,686,3703,5,0
all,2010,31,23,493,0,0
all,2010,32,21,533,0,0
all,2010,33,18,463,0,0
all,2010,34,25,510,0,0
all,2010,35,29,518,0,0
all,2010,36,24,585,0,0
all,2010,37,13,503,0,0
all,2010,38,26,497,0,0
all,2010,39,12,494,0,0
all,2010,40,445,3147,1,0
all,2010,41,10,407,0,0
all,2010,42,8,403,0,0
all,2010,43,20,436,1,0
all,2010,44,17,382,0,0
all,2010,45,25,506,0,0
all,2010,46,25,471,0,0
all,2010,47,19,442,0,0
all,2010,48,14,520,0,0
all,2010,49,16,455,1,0
all,2010,50,63443,2852,8368,0
all,2010,51,2676,44821,3274,0
all,2011,1,83718,17230,302,0
all,2011,2,1147,6648,7,0
all,2011,3,582,4728,11,0
all,2011,4,391,3970,11,0
all,2011,5,3965,3526,38,0
all,2011,6,282,2929,4,0
all,2011,7,232,2620,6,0
all,2011,8,215,2520,3,0
all,2011,9,169,2208,4,0
all,2011,10,39161,6386,315,0
all,2011,11,60,1292,1,0
all,2011,12,78,1456,0,0
all,2011,13,131,1393,4,0
all,2011,14,58,1305,0,0
all,2011,15,98,1325,0,0
all,2011,16,82,1294,1,0
all,2011,17,118,1147,1,0
all,2011,18,59,1056,3,0
all,2011,19,43,1058,0,0
all,2011,20,1493,6084,10,0
all,2011,21,44,944,0,0
all,2011,22,38,859,1,0
all,2011,23,28,843,0,0
all,2011,24,39,916,0,0
all,2011,25,283,972,12,0
all,2011,26,34,839,1,0
all,2011,27,35,823,0,0
all,2011,28,47,934,0,0
all,2011,29,28,823,0,0
all,2011,30,825,5111,12,0
all,2011,31,28,734,0,0
all,2011,32,28,674,0,0
all,2011,33,41,664,0,0
all,2011,34,25,785,0,0
all,2011,35,40,730,1,0
all,2011,36,35,755,0,0
all,2011,37,27,731,1,0
all,2011,38,22,746,1,0
all,2011,39,29,716,2,0
all,2011,40,538,4423,7,0
all,2011,41,26,596,0,0
all,2011,42,41,649,0,0
all,2011,43,29,627,1,0
all,2011,44,23,577,0,0
all,2011,45,43,650,3,0
all,2011,46,43,717,1,0
all,2011,47,24,670,2,0
all,2011,48,21,708,0,0
all,2011,49,23,673,0,0
all,2011,50,93406,3788,12217,1
all,2011,51,3935,66214,4662,0
all,2012,1,122056,24077,362,0
all,2012,2,1578,9707,17,0
all,2012,3,727,7007,1,0
all,2012,4,551,5861,8,0
all,2012,5,5239,4982,75,0
all,2012,6,316,4218,4,0
all,2012,7,316,3745,15,0
all,2012,8,325,3786,6,0
all,2012,9,260,3255,7,0
all,2012,10,58176,9232,337,0
all,2012,11,98,1932,1,0
all,2012,12,124,2148,2,0
all,2012,13,179,1959,15,0
all,2012,14,82,1872,1,0
all,2012,15,99,1877,2,0
all,2012,16,134,1917,3,0
all,2012,17,229,1758,21,0
all,2012,18,58,1749,2,0
all,2012,19,62,1598,0,0
all,2012,20,1955,8635,23,0
all,2012,21,57,1382,0,0
all,2012,22,50,1309,1,0
all,2012,23,51,1457,0,0
all,2012,24,46,1326,0,0
all,2012,25,334,1409,14,0
all,2012,26,55,1323,0,0
all,2012,27,50,1279,1,0
all,2012,28,56,1395,1,0
all,2012,29,41,1208,0,0
all,2012,30,1178,7202,12,0
all,2012,31,47,1116,1,0
all,2012,32,37,1146,1,0
all,2012,33,37,1034,0,0
all,2012,34,38,1124,0,0
all,2012,35,41,1145,0,0
all,2012,36,42,1127,0,0
all,2012,37,45,1104,0,0
all,2012,38,37,1077,1,0
all,2012,39,39,998,0,0
all,2012,40,769,5998,21,0
all,2012,41,39,915,0,0
all,2012,42,31,927,1,0
all,2012,43,60,967,0,0
all,2012,44,34,806,0,0
all,2012,45,42,1043,0,0
all,2012,46,30,1021,0,0
all,2012,47,29,1075,0,0
all,2012,48,43,1074,1,0
all,2012,49,31,960,0,0
all,2012,50,142189,5211,20263,1
all,2012,51,5512,96612,6842,0
all,2013,1,167454,34432,577,0
all,2013,2,1781,13532,12,0
all,2013,3,1014,9854,11,0
all,2013,4,739,8036,9,0
all,2013,5,6625,6983,86,0
all,2013,6,529,5817,9,0
all,2013,7,440,5286,4,0
all,2013,8,381,5141,12,0
all,2013,9,326,4569,8,0
all,2013,10,78078,13152,561,0
all,2013,11,111,2876,1,0
all,2013,12,159,2956,2,0
all,2013,13,277,2768,7,0
all,2013,14,125,2739,1,0
all,2013,15,139,2651,0,0
all,2013,16,134,2667,7,0
all,2013,17,293,2490,28,0
all,2013,18,95,2341,1,0
all,2013,19,94,2205,0,0
all,2013,20,2386,12003,21,0
all,2013,21,62,1994,0,0
all,2013,22,72,1755,0,0
all,2013,23,62,1910,1,0
all,2013,24,62,1848,2,0
all,2013,25,524,1989,29,0
all,2013,26,63,1841,3,0
all,2013,27,53,1790,1,0
all,2013,28,63,1890,0,0
all,2013,29,63,1804,0,0
all,2013,30,1332,10037,6,0
all,2013,31,51,1555,1,0
all,2013,32,54,1700,0,0
all,2013,33,55,1470,1,0
all,2013,34,42,1519,1,0
all,2013,35,82,1601,2,0
all,2013,36,70,1524,3,0
all,2013,37,50,1589,1,0
all,2013,38,48,1504,0,0
all,2013,39,42,1457,2,0
all,2013,40,888,8417,10,0
all,2013,41,37,1348,1,0
all,2013,42,39,1362,0,0
all,2013,43,34,1342,0,0
all,2013,44,36,1189,1,0
all,2013,45,54,1452,0,0
all,2013,46,45,1453,1,0
all,2013,47,47,1462,1,0
all,2013,48,46,1423,0,0
all,2013,49,42,1446,0,0
all,2013,50,193326,7090,28641,0
all,2013,51,7168,137748,8676,0
all,2014,1,201609,40784,601,0
all,2014,2,2167,16663,19,0
all,2014,3,1120,12086,20,0
all,2014,4,756,9822,14,0
all,2014,5,7131,8439,68,0
all,2014,6,521,7169,6,0
all,2014,7,475,6694,14,0
all,2014,8,535,6362,19,0
all,2014,9,400,5500,6,0
all,2014,10,90745,15368,599,0
all,2014,11,144,3474,3,0
all,2014,12,134,3751,1,0
all,2014,13,273,3589,11,0
all,2014,14,132,3329,1,0
all,2014,15,156,3399,4,0
all,2014,16,183,3242,2,0
all,2014,17,352,3044,10,0
all,2014,18,115,2941,3,0
all,2014,19,100,2671,3,0
all,2014,20,2512,13944,25,0
all,2014,21,83,2556,0,0
all,2014,22,77,2358,0,0
all,2014,23,74,2403,1,0
all,2014,24,91,2366,0,0
all,2014,25,477,2483,20,0
all,2014,26,73,2383,0,0
all,2014,27,67,2251,0,0
all,2014,28,66,2274,1,0
all,2014,29,79,2184,2,0
all,2014,30,1487,11792,11,0
all,2014,31,60,1901,1,0
all,2014,32,67,2035,1,0
all,2014,33,72,1805,0,0
all,2014,34,62,1935,0,0
all,2014,35,87,2087,0,0
all,2014,36,78,1968,1,0
all,2014,37,55,1879,2,0
all,2014,38,59,1882,1,0
all,2014,39,68,1772,2,0
all,2014,40,982,9961,11,0
all,2014,41,49,1723,0,0
all,2014,42,53,1707,0,0
all,2014,43,58,1666,0,0
all,2014,44,46,1520,1,0
all,2014,45,63,1854,1,0
all,2014,46,69,1822,1,0
all,2014,47,58,1833,3,0
all,2014,48,77,1857,2,0
all,2014,49,46,1842,2,0
all,2014,50,234255,8335,34315,0
all,2014,51,8696,167356,9310,0
all,2015,1,238315,48878,634,0
all,2015,2,2341,20218,20,0
all,2015,3,1190,14423,16,0
all,2015,4,798,12020,8,0
all,2015,5,7847,10271,132,0
all,2015,6,589,8568,7,0
all,2015,7,491,7938,12,0
all,2015,8,550,7504,13,0
all,2015,9,422,6618,7,0
all,2015,10,101700,18080,693,2
all,2015,11,179,4254,3,0
all,2015,12,198,4488,6,0
all,2015,13,306,4283,29,0
all,2015,14,156,4078,0,0
all,2015,15,175,3989,3,0
all,2015,16,186,4058,10,0
all,2015,17,390,3723,26,0
all,2015,18,116,3490,3,0
all,2015,19,112,3245,3,0
all,2015,20,2568,16532,28,0
all,2015,21,101,3187,3,0
all,2015,22,95,2741,3,0
all,2015,23,82,2955,0,0
all,2015,24,80,2808,4,0
all,2015,25,543,2900,17,0
all,2015,26,81,2903,0,0
all,2015,27,69,2775,1,0
all,2015,28,93,2804,1,0
all,2015,29,86,2507,0,0
all,2015,30,1538,13775,16,0
all,2015,31,56,2281,1,0
all,2015,32,82,2503,2,0
all,2015,33,67,2319,2,0
all,2015,34,78,2287,3,0
all,2015,35,85,2447,0,0
all,2015,36,75,2371,1,0
all,2015,37,72,2324,0,0
all,2015,38,71,2281,3,0
all,2015,39,66,2260,2,0
all,2015,40,1012,11576,10,0
all,2015,41,43,2071,1,0
all,2015,42,58,2048,2,0
all,2015,43,55,2079,2,0
all,2015,44,54,1882,0,0
all,2015,45,76,2209,3,0
all,2015,46,39,2140,3,0
all,2015,47,45,2170,2,0
all,2015,48,56,2239,3,0
all,2015,49,59,2147,0,0
all,2015,50,267400,9570,39828,0
all,2015,51,10277,200677,10446,0
all,2016,1,276143,56476,720,0
all,2016,2,2684,23716,29,0
all,2016,3,1173,17258,22,0
all,2016,4,875,14064,23,0
all,2016,5,7894,12037,128,0
all,2016,6,584,10204,6,0
all,2016,7,497,9365,5,0
all,2016,8,499,9091,12,0
all,2016,9,373,7783,10,0
all,2016,10,112663,20516,793,0
all,2016,11,231,5030,0,0
all,2016,12,262,5538,1,0
all,2016,13,389,5232,23,0
all,2016,14,165,4956,6,0
all,2016,15,247,4904,6,0
all,2016,16,228,4726,7,0
all,2016,17,415,4462,46,0
all,2016,18,120,4246,4,0
all,2016,19,114,3946,0,0
all,2016,20,2404,18714,30,0
all,2016,21,117,3713,1,0
all,2016,22,89,3416,2,0
all,2016,23,92,3499,3,0
all,2016,24,95,3468,2,0
all,2016,25,577,3545,31,0
all,2016,26,87,3402,4,0
all,2016,27,78,3281,4,0
all,2016,28,107,3315,0,0
all,2016,29,91,3274,4,0
all,2016,30,1423,15543,13,0
all,2016,31,91,2958,5,0
all,2016,32,78,3033,2,0
all,2016,33,88,2782,2,0
all,2016,34,77,2921,1,0
all,2016,35,97,3021,0,0
all,2016,36,62,2918,1,0
all,2016,37,58,2907,0,0
all,2016,38,75,2780,1,0
all,2016,39,74,2727,3,0
all,2016,40,960,13243,11,0
all,2016,41,51,2465,0,0
all,2016,42,49,2493,1,0
all,2016,43,51,2521,0,0
all,2016,44,66,2281,2,0
all,2016,45,77,2626,1,0
all,2016,46,56,2509,2,0
all,2016,47,53,2678,2,0
all,2016,48,58,2640,0,0
all,2016,49,57,2594,2,0
all,2016,50,297467,10249,45549,0
all,2016,51,11617,233108,11139,0
all,2017,1,321369,65716,911,0
all,2017,2,2655,27761,36,0
all,2017,3,1398,19562,23,0
all,2017,4,936,16394,25,0
all,2017,5,8724,14098,171,0
all,2017,6,665,12097,9,0
all,2017,7,569,10926,8,0
all,2017,8,548,10360,13,0
all,2017,9,396,8952,13,0
all,2017,10,132676,23625,912,0
all,2017,11,188,6191,2,0
all,2017,12,239,6405,3,0
all,2017,13,453,5985,22,0
all,2017,14,189,5692,0,0
all,2017,15,216,5715,2,0
all,2017,16,259,5574,8,0
all,2017,17,569,5418,46,0
all,2017,18,135,4969,3,0
all,2017,19,125,4750,1,0
all,2017,20,2416,21672,23,0
all,2017,21,100,4151,2,0
all,2017,22,113,4084,2,0
all,2017,23,126,4056,5,0
all,2017,24,90,4024,0,0
all,2017,25,616,4139,36,0
all,2017,26,96,3987,0,0
all,2017,27,91,3942,1,0
all,2017,28,117,3934,1,0
all,2017,29,69,3855,1,0
all,2017,30,1564,18308,11,0
all,2017,31,81,3320,2,0
all,2017,32,88,3542,0,0
all,2017,33,91,3236,0,0
all,2017,34,78,3353,3,0
all,2017,35,90,3412,0,0
all,2017,36,76,3456,0,0
all,2017,37,73,3339,2,0
all,2017,38,80,3298,2,0
all,2017,39,77,3197,1,0
all,2017,40,1027,15655,12,0
all,2017,41,85,2962,0,0
all,2017,42,83,2971,0,0
all,2017,43,80,3117,0,0
all,2017,44,62,2731,1,0
all,2017,45,81,3177,4,0
all,2017,46,76,3115,1,0
all,2017,47,84,3107,1,0
all,2017,48,86,3136,1,0
all,2017,49,69,2960,1,0
all,2017,50,356098,11458,53567,0
all,2017,51,13347,272831,12615,0
all,2018,1,355299,72507,862,1
all,2018,2,3006,30499,44,0
all,2018,3,1423,22139,27,0
all,2018,4,1008,18407,19,0
all,2018,5,8663,15874,136,0
all,2018,6,664,13306,30,0
all,2018,7,583,12071,14,0
all,2018,8,620,11560,16,0
all,2018,9,460,10257,13,0
all,2018,10,135628,25690,930,0
all,2018,11,194,6868,2,0
all,2018,12,268,7300,2,0
all,2018,13,502,6676,34,0
all,2018,14,176,6418,3,0
all,2018,15,272,6426,2,0
all,2018,16,287,6337,7,0
all,2018,17,728,5827,71,0
all,2018,18,152,5690,4,0
all,2018,19,145,5161,2,0
all,2018,20,2602,23959,27,0
all,2018,21,108,4917,0,0
all,2018,22,91,4733,3,0
all,2018,23,110,4700,1,0
all,2018,24,118,4628,2,0
all,2018,25,652,4548,27,0
all,2018,26,98,4416,1,0
all,2018,27,128,4303,3,0
all,2018,28,106,4537,4,0
all,2018,29,95,4351,2,0
all,2018,30,1618,20144,15,0
all,2018,31,99,4089,2,0
all,2018,32,117,4061,1,0
all,2018,33,119,3559,0,0
all,2018,34,78,3761,3,0
all,2018,35,108,3951,1,0
all,2018,36,99,3799,2,0
all,2018,37,91,3663,1,0
all,2018,38,70,3732,2,0
all,2018,39,71,3574,2,0
all,2018,40,1117,16929,15,0
all,2018,41,66,3378,0,0
all,2018,42,81,3395,0,0
all,2018,43,91,3361,0,0
all,2018,44,57,3050,0,0
all,2018,45,95,3635,0,0
all,2018,46,85,3487,2,0
all,2018,47,80,3485,1,0
all,2018,48,70,3565,1,0
all,2018,49,62,3380,0,0
all,2018,50,369795,12500,57886,0
all,2018,51,15085,298349,13852,0
all,2019,1,418904,85392,1006,0
all,2019,2,3218,36324,25,0
all,2019,3,1578,26573,32,0
all,2019,4,1136,21473,33,0
all,2019,5,9121,18125,193,0
all,2019,6,756,15855,14,0
all,2019,7,705,14391,19,0
all,2019,8,756,13949,18,0
all,2019,9,578,12156,16,0
all,2019,10,154264,30965,1126,0
all,2019,11,260,8298,0,0
all,2019,12,288,8505,3,0
all,2019,13,572,7945,37,0
all,2019,14,203,7674,4,0
all,2019,15,253,7579,2,0
all,2019,16,277,7613,7,0
all,2019,17,736,6936,52,0
all,2019,18,162,6736,6,0
all,2019,19,137,6255,3,0
all,2019,20,2800,27907,39,0
all,2019,21,125,5797,1,0
all,2019,22,144,5628,7,0
all,2019,23,121,5400,1,0
all,2019,24,122,5586,4,0
all,2019,25,731,5654,52,0
all,2019,26,130,5369,2,0
all,2019,27,113,5100,2,0
all,2019,28,127,5468,3,0
all,2019,29,125,5050,5,0
all,2019,30,1635,23139,10,0
all,2019,31,99,4647,1,0
all,2019,32,98,4772,1,0
all,2019,33,159,4385,3,0
all,2019,34,120,4446,4,0
all,2019,35,142,4604,2,0
all,2019,36,131,4600,3,0
all,2019,37,90,4497,3,0
all,2019,38,110,4349,2,0
all,2019,39,104,4220,3,0
all,2019,40,1170,19981,21,0
all,2019,41,114,4004,1,0
all,2019,42,95,3998,3,0
all,2019,43,95,4037,1,0
all,2019,44,87,3601,0,0
all,2019,45,101,4265,3,0
all,2019,46,78,4285,5,0
all,2019,47,81,4138,0,0
all,2019,48,77,4380,4,0
all,2019,49,87,4128,4,0
all,2019,50,440417,14148,68689,0
all,2019,51,17415,346140,14509,0
all,2020,1,571937,113903,1183,1
all,2020,2,3866,49685,32,0
all,2020,3,2034,36381,47,0
all,2020,4,1306,29353,24,0
all,2020,5,10732,24923,202,0
all,2020,6,1013,21931,11,0
all,2020,7,855,19738,27,0
all,2020,8,955,19037,39,0
all,2020,9,782,16579,20,0
all,2020,10,198075,40820,1275,0
all,2020,11,335,11276,3,0
all,2020,12,405,11746,5,0
all,2020,13,656,11091,35,0
all,2020,14,341,10744,1,0
all,2020,15,344,10425,4,0
all,2020,16,365,10223,13,0
all,2020,17,1021,9566,62,0
all,2020,18,227,9164,3,0
all,2020,19,189,8492,2,0
all,2020,20,3065,37260,51,0
all,2020,21,188,7937,2,0
all,2020,22,190,7546,3,0
all,2020,23,174,7586,2,0
all,2020,24,147,7588,3,0
all,2020,25,856,7665,49,0
all,2020,26,195,7437,3,0
all,2020,27,139,7101,2,0
all,2020,28,152,7439,2,0
all,2020,29,139,7105,1,0
all,2020,30,1927,31287,33,0
all,2020,31,138,6275,1,0
all,2020,32,120,6756,1,0
all,2020,33,198,6102,0,0
all,2020,34,152,6197,1,0
all,2020,35,183,6352,4,0
all,2020,36,123,6217,3,0
all,2020,37,128,6064,0,0
all,2020,38,135,6141,1,0
all,2020,39,116,5928,0,0
all,2020,40,1416,26527,24,0
all,2020,41,121,5399,1,0
all,2020,42,114,5431,0,0
all,2020,43,125,5534,2,0
all,2020,44,112,5070,3,0
all,2020,45,129,5809,4,0
all,2020,46,140,5680,0,0
all,2020,47,129,5511,3,0
all,2020,48,125,5956,1,0
all,2020,49,111,5637,1,0
all,2020,50,572746,18121,89225,0
all,2020,51,24000,450369,18053,0
all,2021,1,794835,154048,1808,1
all,2021,2,5092,67761,41,0
all,2021,3,2518,49264,35,0
all,2021,4,1690,40780,35,0
all,2021,5,12702,34560,305,0
all,2021,6,1174,29978,26,0
all,2021,7,1076,27045,29,0
all,2021,8,1223,25663,50,0
all,2021,9,885,22678,22,0
all,2021,10,257708,54916,1594,0
all,2021,11,485,16149,4,0
all,2021,12,478,16193,7,0
all,2021,13,838,15289,56,0
all,2021,14,377,14845,4,0
all,2021,15,481,14286,8,0
all,2021,16,491,14329,29,0
all,2021,17,1100,13157,72,0
all,2021,18,269,12694,3,0
all,2021,19,280,11900,1,0
all,2021,20,3913,49794,41,0
all,2021,21,250,11288,2,0
all,2021,22,249,10453,3,0
all,2021,23,203,10499,4,0
all,2021,24,190,10454,3,0
all,2021,25,1049,10607,47,0
all,2021,26,208,10124,2,0
all,2021,27,196,9827,3,0
all,2021,28,248,9907,2,0
all,2021,29,211,9745,5,0
all,2021,30,2526,41291,33,0
all,2021,31,173,9156,1,0
all,2021,32,195,9012,2,0
all,2021,33,203,8155,7,0
all,2021,34,235,8499,4,0
all,2021,35,219,8814,2,0
all,2021,36,173,8663,1,0
all,2021,37,188,8673,3,0
all,2021,38,190,8281,2,0
all,2021,39,159,8295,1,0
all,2021,40,1786,35703,35,0
all,2021,41,152,7846,1,0
all,2021,42,185,7658,3,0
all,2021,43,194,7677,3,0
all,2021,44,141,6925,2,0
all,2021,45,195,7983,3,0
all,2021,46,143,8051,1,0
all,2021,47,172,7996,5,0
all,2021,48,180,8143,2,0
all,2021,49,168,7868,4,0
all,2021,50,737258,23501,117355,1
all,2021,51,31867,604986,22527,0
all,2022,1,937586,173090,2132,2
all,2022,2,6217,77623,57,0
all,2022,3,2820,57458,67,0
all,2022,4,1884,46358,58,0
all,2022,5,14142,39515,366,0
all,2022,6,1315,34106,37,0
all,2022,7,1052,31152,36,0
all,2022,8,1221,28877,44,0
all,2022,9,991,26162,27,0
all,2022,10,299995,62266,1779,0
all,2022,11,531,18243,6,0
all,2022,12,503,18591,14,0
all,2022,13,992,17618,76,0
all,2022,14,427,17138,5,0
all,2022,15,532,16313,7,0
all,2022,16,537,16515,13,0
all,2022,17,1324,15191,99,0
all,2022,18,321,14537,7,0
all,2022,19,281,13775,8,0
all,2022,20,3932,56180,62,0
all,2022,21,265,12970,3,0
all,2022,22,265,12184,1,0
all,2022,23,254,12352,1,0
all,2022,24,235,12129,4,0
all,2022,25,1195,12234,70,0
all,2022,26,243,11817,0,0
all,2022,27,210,11387,3,0
all,2022,28,212,11568,3,0
all,2022,29,205,11160,3,0
all,2022,30,2659,47182,28,0
all,2022,31,204,10395,7,0
all,2022,32,202,10645,2,0
all,2022,33,291,9558,6,0
all,2022,34,268,9793,9,0
all,2022,35,243,10164,3,0
all,2022,36,192,9894,2,0
all,2022,37,199,9626,2,0
all,2022,38,197,9794,3,0
all,2022,39,168,9462,2,0
all,2022,40,1807,40173,31,0
all,2022,41,188,8825,3,0
all,2022,42,167,8950,2,0
all,2022,43,149,8893,1,0
all,2022,44,146,8028,3,0
all,2022,45,213,9394,1,0
all,2022,46,178,9325,3,0
all,2022,47,214,9109,2,0
all,2022,48,192,9497,4,0
all,2022,49,173,9056,4,0
all,2022,50,878088,26707,148012,2
all,2022,51,36445,688079,24204,0
all,2023,1,858948,153825,1871,0
all,2023,2,5082,70481,39,0
all,2023,3,2325,51306,53,0
all,2023,4,1637,42127,27,0
all,2023,5,12014,35939,346,0
all,2023,6,1149,30475,16,0
all,2023,7,1021,28073,26,0
all,2023,8,1078,26945,60,0
all,2023,9,899,23695,29,0
all,2023,10,256863,56112,1691,0
all,2023,11,470,16711,7,0
all,2023,12,494,17161,12,0
all,2023,13,824,16073,42,0
all,2023,14,341,15494,4,0
all,2023,15,408,14923,10,0
all,2023,16,473,14707,22,0
all,2023,17,1147,13665,83,0
all,2023,18,308,13193,2,0
all,2023,19,248,12581,2,0
all,2023,20,3233,50800,43,0
all,2023,21,237,11689,2,0
all,2023,22,227,11028,7,0
all,2023,23,200,11158,4,0
all,2023,24,194,10863,2,0
all,2023,25,995,10927,55,0
all,2023,26,228,10377,3,0
all,2023,27,217,10327,5,0
all,2023,28,174,10382,0,0
all,2023,29,185,10484,5,0
all,2023,30,2196,41925,25,0
all,2023,31,220,9645,5,0
all,2023,32,221,9643,2,0
all,2023,33,277,8658,18,0
all,2023,34,269,9146,5,0
all,2023,35,232,9231,5,0
all,2023,36,178,9048,2,0
all,2023,37,199,8933,1,0
all,2023,38,181,8835,1,0
all,2023,39,148,8508,4,0
all,2023,40,1588,36477,25,0
all,2023,41,184,8094,2,0
all,2023,42,143,8153,1,0
all,2023,43,146,8157,4,0
all,2023,44,142,7464,3,0
all,2023,45,221,8577,1,0
all,2023,46,165,8549,4,0
all,2023,47,164,8336,7,0
all,2023,48,193,8658,2,0
all,2023,49,182,8373,6,0
all,2023,50,770477,23553,132787,1
all,2023,51,32084,626308,20667,0
all,2024,1,903288,155289,1860,0
all,2024,2,5378,73188,59,0
all,2024,3,2294,52776,49,0
all,2024,4,1577,43595,24,0
all,2024,5,11889,36843,372,0
all,2024,6,1078,31891,28,0
all,2024,7,987,29136,24,0
all,2024,8,1189,27338,37,0
all,2024,9,772,24095,15,0
all,2024,10,265949,57140,1439,0
all,2024,11,476,17634,9,0
all,2024,12,496,17816,5,0
all,2024,13,821,16886,37,0
all,2024,14,353,16063,3,0
all,2024,15,459,15497,4,0
all,2024,16,462,15402,18,0
all,2024,17,1240,14200,122,0
all,2024,18,259,13947,2,0
all,2024,19,280,12945,3,0
all,2024,20,2969,51536,46,0
all,2024,21,236,12238,6,0
all,2024,22,232,11457,3,0
all,2024,23,265,11754,3,0
all,2024,24,209,11454,3,0
all,2024,25,1092,11607,56,0
all,2024,26,195,11022,1,0
all,2024,27,225,10698,1,0
all,2024,28,229,10879,2,0
all,2024,29,167,10642,3,0
all,2024,30,1969,42645,25,0
all,2024,31,218,9878,1,0
all,2024,32,193,10015,1,0
all,2024,33,303,9294,12,0
all,2024,34,264,9537,8,0
all,2024,35,248,9748,1,0
all,2024,36,202,9562,3,0
all,2024,37,187,9098,0,0
all,2024,38,185,9230,3,0
all,2024,39,177,9004,0,0
all,2024,40,1430,36483,28,0
all,2024,41,166,8633,3,0
all,2024,42,177,8698,1,0
all,2024,43,152,8548,4,0
all,2024,44,165,7802,3,0
all,2024,45,167,8924,1,0
all,2024,46,166,9053,5,0
all,2024,47,138,8796,3,0
all,2024,48,180,9150,3,0
all,2024,49,166,8758,3,0
all,2024,50,826613,22876,147265,1
all,2024,51,31521,643692,21051,0
all,2025,1,799286,127687,1298,1
all,2025,2,4003,62911,31,0
all,2025,3,1763,45301,30,0
all,2025,4,1268,37519,26,0
all,2025,5,9172,31245,287,0
all,2025,6,790,27182,20,0
all,2025,7,762,24658,21,0
all,2025,8,793,23703,29,0
all,2025,9,713,20633,19,0
all,2025,10,225801,47308,1245,0
all,2025,11,385,15214,3,0
all,2025,12,318,15337,21,0
all,2025,13,618,14314,37,0
all,2025,14,226,13917,5,0
all,2025,15,303,13402,4,0
all,2025,16,341,13259,22,0
all,2025,17,1004,12296,79,0
all,2025,18,200,11816,2,0
all,2025,19,178,11235,4,0
all,2025,20,2211,42590,46,0
all,2025,21,175,10732,1,0
all,2025,22,154,10051,2,0
all,2025,23,184,10047,6,0
all,2025,24,157,9939,0,0
all,2025,25,720,9785,37,0
all,2025,26,152,9413,0,0
all,2025,27,137,9203,0,0
all,2025,28,151,9303,1,0
all,2025,29,111,9128,1,0
all,2025,30,1491,35302,24,0
all,2025,31,123,8463,1,0
all,2025,32,101,8831,4,0
all,2025,33,186,7780,6,0
all,2025,34,168,8001,4,0
all,2025,35,141,8297,3,0
all,2025,36,133,8148,2,0
all,2025,37,136,7941,1,0
all,2025,38,137,8005,3,0
all,2025,39,115,7701,2,0
all,2025,40,1043,30589,18,0
all,2025,41,115,7491,6,0
all,2025,42,109,7522,1,0
all,2025,43,123,7324,2,0
all,2025,44,116,6827,0,0
all,2025,45,138,7805,2,0
all,2025,46,88,7703,1,0
all,2025,47,121,7514,3,0
all,2025,48,125,7765,0,0
all,2025,49,136,7668,2,0
all,2025,50,693921,18444,130543,0
all,2025,51,24024,555384,16981,0
rct,1990,1,0,0,0,0
rct,1990,2,0,0,0,0
rct,1990,3,0,0,0,0
rct,1990,4,0,0,0,0
rct,1990,5,0,0,0,0
rct,1990,6,0,0,0,0
rct,1990,7,0,0,0,0
rct,1990,8,0,0,0,0
rct,1990,9,0,0,0,0
rct,1990,10,0,0,0,0
rct,1990,11,0,0,0,0
rct,1990,12,0,0,0,0
rct,1990,13,0,0,0,0
rct,1990,14,0,0,0,0
rct,1990,15,0,0,0,0
rct,1990,16,0,0,0,0
rct,1990,17,0,0,0,0
rct,1990,18,0,0,0,0
rct,1990,19,0,0,0,0
rct,1990,20,0,0,0,0
rct,1990,21,0,0,0,0
rct,1990,22,0,0,0,0
rct,1990,23,0,0,0,0
rct,1990,24,0,0,0,0
rct,1990,25,0,0,0,0
rct,1990,26,0,0,0,0
rct,1990,27,0,0,0,0
rct,1990,28,0,0,0,0
rct,1990,29,0,0,0,0
rct,1990,30,0,0,0,0
rct,1990,31,0,0,0,0
rct,1990,32,0,0,0,0
rct,1990,33,0,0,0,0
rct,1990,34,0,0,0,0
rct,1990,35,0,0,0,0
rct,1990,36,0,0,0,0
rct,1990,37,0,0,0,0
rct,1990,38,0,0,0,0
rct,1990,39,0,0,0,0
rct,1990,40,0,0,0,0
rct,1990,41,0,0,0,0
rct,1990,42,0,0,0,0
rct,1990,43,0,0,0,0
rct,1990,44,0,0,0,0
rct,1990,45,0,0,0,0
rct,1990,46,0,0,0,0
rct,1990,47,0,0,0,0
rct,1990,48,0,0,0,0
rct,1990,49,0,0,0,0
rct,1990,50,0,0,0,0
rct,1990,51,0,0,0,0
rct,1991,1,0,0,0,0
rct,1991,2,0,0,0,0
rct,1991,3,0,0,0,0
rct,1991,4,0,0,0,0
rct,1991,5,0,0,0,0
rct,1991,6,0,0,0,0
rct,1991,7,0,0,0,0
rct,1991,8,0,0,0,0
rct,1991,9,0,0,0,0
rct,1991,10,0,0,0,0
rct,1991,11,0,0,0,0
rct,1991,12,0,0,0,0
rct,1991,13,0,0,0,0
rct,1991,14,0,0,0,0
rct,1991,15,0,0,0,0
rct,1991,16,0,0,0,0
rct,1991,17,0,0,0,0
rct,1991,18,0,0,0,0
rct,1991,19,0,0,0,0
rct,1991,20,0,0,0,0
rct,1991,21,0,0,0,0
rct,1991,22,0,0,0,0
rct,1991,23,0,0,0,0
rct,1991,24,0,0,0,0
rct,1991,25,0,0,0,0
rct,1991,26,0,0,0,0
rct,1991,27,0,0,0,0
rct,1991,28,0,0,0,0
rct,1991,29,0,0,0,0
rct,1991,30,0,0,0,0
rct,1991,31,0,0,0,0
rct,1991,32,0,0,0,0
rct,1991,33,0,0,0,0
rct,1991,34,0,0,0,0
rct,1991,35,0,0,0,0
rct,1991,36,0,0,0,0
rct,1991,37,0,0,0,0
rct,1991,38,0,0,0,0
rct,1991,39,0,0,0,0
rct,1991,40,0,0,0,0
rct,1991,41,0,0,0,0
rct,1991,42,0,0,0,0
rct,1991,43,0,0,0,0
rct,1991,44,0,0,0,0
rct,1991,45,0,0,0,0
rct,1991,46,0,0,0,0
rct,1991,47,0,0,0,0
rct,1991,48,0,0,0,0
rct,1991,49,0,0,0,0
rct,1991,50,0,0,0,0
rct,1991,51,0,0,0,0
rct,1992,1,0,0,0,0
rct,1992,2,0,0,0,0
rct,1992,3,0,0,0,0
rct,1992,4,0,0,0,0
rct,1992,5,0,0,0,0
rct,1992,6,0,0,0,0
rct,1992,7,0,0,0,0
rct,1992,8,0,0,0,0
rct,1992,9,0,0,0,0
rct,1992,10,0,0,0,0
rct,1992,11,0,0,0,0
rct,1992,12,0,0,0,0
rct,1992,13,0,0,0,0
rct,1992,14,0,0,0,0
rct,1992,15,0,0,0,0
rct,1992,16,0,0,0,0
rct,1992,17,0,0,0,0
rct,1992,18,0,0,0,0
rct,1992,19,0,0,0,0
rct,1992,20,0,0,0,0
rct,1992,21,0,0,0,0
rct,1992,22,0,0,0,0
rct,1992,23,0,0,0,0
rct,1992,24,0,0,0,0
rct,1992,25,0,0,0,0
rct,1992,26,0,0,0,0
rct,1992,27,0,0,0,0
rct,1992,28,0,0,0,0
rct,1992,29,0,0,0,0
rct,1992,30,0,0,0,0
rct,1992,31,0,0,0,0
rct,1992,32,0,0,0,0
rct,1992,33,0,0,0,0
rct,1992,34,0,0,0,0
rct,1992,35,0,0,0,0
rct,1992,36,0,0,0,0
rct,1992,37,0,0,0,0
rct,1992,38,0,0,0,0
rct,1992,39,0,0,0,0
rct,1992,40,0,0,0,0
rct,1992,41,0,0,0,0
rct,1992,42,0,0,0,0
rct,1992,43,0,0,0,0
rct,1992,44,0,0,0,0
rct,1992,45,0,0,0,0
rct,1992,46,0,0,0,0
rct,1992,47,0,0,0,0
rct,1992,48,0,0,0,0
rct,1992,49,0,0,0,0
rct,1992,50,0,0,0,0
rct,1992,51,0,0,0,0
rct,1993,1,0,0,0,0
rct,1993,2,0,0,0,0
rct,1993,3,0,0,0,0
rct,1993,4,0,0,0,0
rct,1993,5,0,0,0,0
rct,1993,6,0,0,0,0
rct,1993,7,0,0,0,0
rct,1993,8,0,0,0,0
rct,1993,9,0,0,0,0
rct,1993,10,1,0,0,0
rct,1993,11,0,0,0,0
rct,1993,12,0,0,0,0
rct,1993,13,0,0,0,0
rct,1993,14,0,0,0,0
rct,1993,15,0,0,0,0
rct,1993,16,0,0,0,0
rct,1993,17,0,0,0,0
rct,1993,18,0,0,0,0
rct,1993,19,0,0,0,0
rct,1993,20,0,0,0,0
rct,1993,21,0,0,0,0
rct,1993,22,0,0,0,0
rct,1993,23,0,0,0,0
rct,1993,24,0,0,0,0
rct,1993,25,0,0,0,0
rct,1993,26,0,0,0,0
rct,1993,27,0,0,0,0
rct,1993,28,0,0,0,0
rct,1993,29,0,0,0,0
rct,1993,30,0,0,0,0
rct,1993,31,0,0,0,0
rct,1993,32,0,0,0,0
rct,1993,33,0,0,0,0
rct,1993,34,0,0,0,0
rct,1993,35,0,0,0,0
rct,1993,36,0,0,0,0
rct,1993,37,0,0,0,0
rct,1993,38,0,0,0,0
rct,1993,39,0,0,0,0
rct,1993,40,0,0,0,0
rct,1993,41,0,0,0,0
rct,1993,42,0,0,0,0
rct,1993,43,0,0,0,0
rct,1993,44,0,0,0,0
rct,1993,45,0,0,0,0
rct,1993,46,0,0,0,0
rct,1993,47,0,0,0,0
rct,1993,48,0,0,0,0
rct,1993,49,0,0,0,0
rct,1993,50,5,0,0,0
rct,1993,51,0,0,0,0
rct,1994,1,3,0,0,0
rct,1994,2,0,0,0,0
rct,1994,3,0,0,0,0
rct,1994,4,0,0,0,0
rct,1994,5,1,0,2,0
rct,1994,6,0,0,0,0
rct,1994,7,0,0,0,0
rct,1994,8,0,0,0,0
rct,1994,9,0,0,0,0
rct,1994,10,0,0,0,0
rct,1994,11,0,0,0,0
rct,1994,12,0,0,0,0
rct,1994,13,0,0,0,0
rct,1994,14,0,0,0,0
rct,1994,15,0,0,0,0
rct,1994,16,0,0,0,0
rct,1994,17,0,0,0,0
rct,1994,18,0,0,0,0
rct,1994,19,0,0,0,0
rct,1994,20,0,0,0,0
rct,1994,21,0,0,0,0
rct,1994,22,0,0,0,0
rct,1994,23,0,0,0,0
rct,1994,24,0,0,0,0
rct,1994,25,0,0,0,0
rct,1994,26,0,0,0,0
rct,1994,27,0,0,0,0
rct,1994,28,0,0,0,0
rct,1994,29,0,0,0,0
rct,1994,30,0,0,0,0
rct,1994,31,0,0,0,0
rct,1994,32,0,0,0,0
rct,1994,33,0,0,0,0
rct,1994,34,0,0,0,0
rct,1994,35,0,0,0,0
rct,1994,36,0,0,0,0
rct,1994,37,0,0,0,0
rct,1994,38,0,0,0,0
rct,1994,39,0,0,0,0
rct,1994,40,0,0,0,0
rct,1994,41,0,0,0,0
rct,1994,42,0,0,0,0
rct,1994,43,0,0,0,0
rct,1994,44,0,0,0,0
rct,1994,45,0,0,0,0
rct,1994,46,0,0,0,0
rct,1994,47,0,0,0,0
rct,1994,48,0,0,0,0
rct,1994,49,0,0,0,0
rct,1994,50,1,0,0,0
rct,1994,51,0,0,0,0
rct,1995,1,0,1,0,0
rct,1995,2,0,0,0,0
rct,1995,3,0,0,0,0
rct,1995,4,0,0,0,0
rct,1995,5,0,0,0,0
rct,1995,6,0,0,0,0
rct,1995,7,0,0,0,0
rct,1995,8,0,0,0,0
rct,1995,9,0,0,0,0
rct,1995,10,0,0,0,0
rct,1995,11,0,0,0,0
rct,1995,12,0,0,0,0
rct,1995,13,0,0,0,0
rct,1995,14,0,0,0,0
rct,1995,15,0,0,0,0
rct,1995,16,0,0,0,0
rct,1995,17,0,0,0,0
rct,1995,18,0,0,0,0
rct,1995,19,0,0,0,0
rct,1995,20,0,0,0,0
rct,1995,21,0,0,0,0
rct,1995,22,0,0,0,0
rct,1995,23,0,0,0,0
rct,1995,24,0,0,0,0
rct,1995,25,0,0,0,0
rct,1995,26,0,0,0,0
rct,1995,27,0,0,0,0
rct,1995,28,0,0,0,0
rct,1995,29,0,0,0,0
rct,1995,30,0,0,0,0
rct,1995,31,0,0,0,0
rct,1995,32,0,0,0,0
rct,1995,33,0,0,0,0
rct,1995,34,0,0,0,0
rct,1995,35,0,0,0,0
rct,1995,36,0,0,0,0
rct,1995,37,0,0,0,0
rct,1995,38,0,0,0,0
rct,1995,39,0,0,0,0
rct,1995,40,0,0,0,0
rct,1995,41,0,0,0,0
rct,1995,42,0,0,0,0
rct,1995,43,0,0,0,0
rct,1995,44,0,0,0,0
rct,1995,45,0,0,0,0
rct,1995,46,0,0,0,0
rct,1995,47,0,0,0,0
rct,1995,48,0,0,0,0
rct,1995,49,0,0,0,0
rct,1995,50,2,0,0,0
rct,1995,51,0,0,0,0
rct,1996,1,5,0,0,0
rct,1996,2,0,0,0,0
rct,1996,3,0,0,0,0
rct,1996,4,0,0,0,0
rct,1996,5,0,0,0,0
rct,1996,6,0,0,0,0
rct,1996,7,0,0,0,0
rct,1996,8,0,0,0,0
rct,1996,9,0,0,0,0
rct,1996,10,0,0,0,0
rct,1996,11,0,0,0,0
rct,1996,12,0,0,0,0
rct,1996,13,0,0,0,0
rct,1996,14,0,0,0,0
rct,1996,15,0,0,0,0
rct,1996,16,0,0,0,0
rct,1996,17,0,0,0,0
rct,1996,18,0,0,0,0
rct,1996,19,0,0,0,0
rct,1996,20,0,0,0,0
rct,1996,21,0,0,0,0
rct,1996,22,0,0,0,0
rct,1996,23,0,0,0,0
rct,1996,24,0,0,0,0
rct,1996,25,0,0,0,0
rct,1996,26,0,0,0,0
rct,1996,27,0,0,0,0
rct,1996,28,0,0,0,0
rct,1996,29,0,0,0,0
rct,1996,30,0,0,0,0
rct,1996,31,0,0,0,0
rct,1996,32,0,0,0,0
rct,1996,33,0,0,0,0
rct,1996,34,0,0,0,0
rct,1996,35,0,0,0,0
rct,1996,36,0,0,0,0
rct,1996,37,0,0,0,0
rct,1996,38,0,0,0,0
rct,1996,39,0,0,0,0
rct,1996,40,0,0,0,0
rct,1996,41,0,0,0,0
rct,1996,42,0,0,0,0
rct,1996,43,0,0,0,0
rct,1996,44,0,0,0,0
rct,1996,45,0,0,0,0
rct,1996,46,0,0,0,0
rct,1996,47,0,0,0,0
rct,1996,48,0,0,0,0
rct,1996,49,0,0,0,0
rct,1996,50,0,0,0,0
rct,1996,51,0,0,3,0
rct,1997,1,3,0,0,0
rct,1997,2,0,0,0,0
rct,1997,3,0,0,0,0
rct,1997,4,0,0,0,0
rct,1997,5,0,0,0,0
rct,1997,6,0,0,0,0
rct,1997,7,0,0,0,0
rct,1997,8,0,0,0,0
rct,1997,9,0,0,0,0
rct,1997,10,1,1,0,0
rct,1997,11,0,0,0,0
rct,1997,12,0,0,0,0
rct,1997,13,0,0,0,0
rct,1997,14,0,0,0,0
rct,1997,15,0,0,0,0
rct,1997,16,0,0,0,0
rct,1997,17,0,0,0,0
rct,1997,18,0,0,0,0
rct,1997,19,0,0,0,0
rct,1997,20,0,0,0,0
rct,1997,21,0,0,0,0
rct,1997,22,0,0,0,0
rct,1997,23,0,0,0,0
rct,1997,24,0,0,0,0
rct,1997,25,0,0,0,0
rct,1997,26,0,0,0,0
rct,1997,27,0,0,0,0
rct,1997,28,0,0,0,0
rct,1997,29,0,0,0,0
rct,1997,30,0,0,0,0
rct,1997,31,0,0,0,0
rct,1997,32,0,0,0,0
rct,1997,33,0,0,0,0
rct,1997,34,0,0,0,0
rct,1997,35,0,0,0,0
rct,1997,36,0,0,0,0
rct,1997,37,0,0,0,0
rct,1997,38,0,0,0,0
rct,1997,39,0,0,0,0
rct,1997,40,0,0,0,0
rct,1997,41,0,0,0,0
rct,1997,42,0,0,0,0
rct,1997,43,0,0,0,0
rct,1997,44,0,0,0,0
rct,1997,45,0,0,0,0
rct,1997,46,0,0,0,0
rct,1997,47,0,0,0,0
rct,1997,48,0,0,0,0
rct,1997,49,0,0,0,0
rct,1997,50,9,0,1,0
rct,1997,51,0,10,0,0
rct,1998,1,3,1,0,0
rct,1998,2,0,0,0,0
rct,1998,3,0,0,0,0
rct,1998,4,0,0,0,0
rct,1998,5,0,0,0,0
rct,1998,6,0,0,0,0
rct,1998,7,0,0,0,0
rct,1998,8,0,0,0,0
rct,1998,9,0,0,0,0
rct,1998,10,1,3,0,0
rct,1998,11,0,0,0,0
rct,1998,12,0,0,0,0
rct,1998,13,0,0,0,0
rct,1998,14,0,0,0,0
rct,1998,15,0,0,0,0
rct,1998,16,0,0,0,0
rct,1998,17,0,0,0,0
rct,1998,18,0,0,0,0
rct,1998,19,0,0,0,0
rct,1998,20,0,1,0,0
rct,1998,21,0,0,0,0
rct,1998,22,0,0,0,0
rct,1998,23,0,0,0,0
rct,1998,24,0,0,0,0
rct,1998,25,0,0,0,0
rct,1998,26,0,0,0,0
rct,1998,27,0,0,0,0
rct,1998,28,0,0,0,0
rct,1998,29,0,0,0,0
rct,1998,30,0,0,0,0
rct,1998,31,0,0,0,0
rct,1998,32,0,0,0,0
rct,1998,33,0,0,0,0
rct,1998,34,0,0,0,0
rct,1998,35,0,0,0,0
rct,1998,36,0,0,0,0
rct,1998,37,0,0,0,0
rct,1998,38,0,0,0,0
rct,1998,39,0,0,0,0
rct,1998,40,0,0,0,0
rct,1998,41,0,0,0,0
rct,1998,42,0,0,0,0
rct,1998,43,0,0,0,0
rct,1998,44,0,0,0,0
rct,1998,45,0,0,0,0
rct,1998,46,0,0,0,0
rct,1998,47,0,0,0,0
rct,1998,48,0,0,0,0
rct,1998,49,0,0,0,0
rct,1998,50,5,0,4,0
rct,1998,51,0,1,0,0
rct,1999,1,3,0,0,0
rct,1999,2,0,0,0,0
rct,1999,3,0,0,0,0
rct,1999,4,0,0,0,0
rct,1999,5,1,1,0,0
rct,1999,6,0,1,0,0
rct,1999,7,0,0,0,0
rct,1999,8,0,0,0,0
rct,1999,9,0,0,0,0
rct,1999,10,6,0,0,0
rct,1999,11,0,0,0,0
rct,1999,12,0,0,0,0
rct,1999,13,0,0,0,0
rct,1999,14,0,0,0,0
rct,1999,15,0,0,0,0
rct,1999,16,0,0,0,0
rct,1999,17,0,0,0,0
rct,1999,18,0,0,0,0
rct,1999,19,0,0,0,0
rct,1999,20,0,0,0,0
rct,1999,21,0,0,0,0
rct,1999,22,0,0,0,0
rct,1999,23,0,0,0,0
rct,1999,24,0,0,0,0
rct,1999,25,0,0,0,0
rct,1999,26,0,0,0,0
rct,1999,27,0,0,0,0
rct,1999,28,0,0,0,0
rct,1999,29,0,0,0,0
rct,1999,30,0,0,0,0
rct,1999,31,0,0,0,0
rct,1999,32,0,0,0,0
rct,1999,33,0,0,0,0
rct,1999,34,0,0,0,0
rct,1999,35,0,0,0,0
rct,1999,36,0,0,0,0
rct,1999,37,0,0,0,0
rct,1999,38,0,0,0,0
rct,1999,39,0,0,0,0
rct,1999,40,0,1,0,0
rct,1999,41,0,0,0,0
rct,1999,42,0,0,0,0
rct,1999,43,0,0,0,0
rct,1999,44,0,0,0,0
rct,1999,45,0,0,0,0
rct,1999,46,0,0,0,0
rct,1999,47,0,0,0,0
rct,1999,48,0,0,0,0
rct,1999,49,0,0,0,0
rct,1999,50,8,1,1,0
rct,1999,51,0,6,1,0
rct,2000,1,1,1,0,0
rct,2000,2,0,0,0,0
rct,2000,3,0,1,0,0
rct,2000,4,0,1,0,0
rct,2000,5,0,0,0,0
rct,2000,6,0,0,0,0
rct,2000,7,0,0,0,0
rct,2000,8,0,1,0,0
rct,2000,9,0,0,0,0
rct,2000,10,5,1,0,0
rct,2000,11,0,0,0,0
rct,2000,12,0,0,0,0
rct,2000,13,0,0,0,0
rct,2000,14,0,0,0,0
rct,2000,15,0,1,0,0
rct,2000,16,0,0,0,0
rct,2000,17,0,0,0,0
rct,2000,18,0,0,0,0
rct,2000,19,0,1,0,0
rct,2000,20,0,0,0,0
rct,2000,21,0,0,0,0
rct,2000,22,0,0,0,0
rct,2000,23,0,0,0,0
rct,2000,24,0,0,0,0
rct,2000,25,3,0,0,0
rct,2000,26,0,0,0,0
rct,2000,27,0,1,0,0
rct,2000,28,0,0,0,0
rct,2000,29,0,0,0,0
rct,2000,30,0,0,0,0
rct,2000,31,0,0,0,0
rct,2000,32,0,0,0,0
rct,2000,33,0,0,0,0
rct,2000,34,0,0,0,0
rct,2000,35,0,0,0,0
rct,2000,36,0,0,0,0
rct,2000,37,0,0,0,0
rct,2000,38,0,0,0,0
rct,2000,39,0,0,0,0
rct,2000,40,0,0,0,0
rct,2000,41,0,0,0,0
rct,2000,42,0,0,0,0
rct,2000,43,0,0,0,0
rct,2000,44,0,0,0,0
rct,2000,45,0,0,0,0
rct,2000,46,0,0,0,0
rct,2000,47,0,0,0,0
rct,2000,48,0,1,0,0
rct,2000,49,0,1,0,0
rct,2000,50,7,0,1,0
rct,2000,51,0,10,0,0
rct,2001,1,13,3,0,0
rct,2001,2,0,3,0,0
rct,2001,3,0,2,0,0
rct,2001,4,0,0,0,0
rct,2001,5,2,2,0,0
rct,2001,6,0,0,0,0
rct,2001,7,0,1,0,0
rct,2001,8,0,2,0,0
rct,2001,9,0,0,0,0
rct,2001,10,6,0,0,0
rct,2001,11,0,0,0,0
rct,2001,12,0,0,0,0
rct,2001,13,0,0,0,0
rct,2001,14,0,1,0,0
rct,2001,15,1,0,0,0
rct,2001,16,0,0,0,0
rct,2001,17,0,0,0,0
rct,2001,18,0,1,0,0
rct,2001,19,0,0,0,0
rct,2001,20,0,1,0,0
rct,2001,21,0,0,0,0
rct,2001,22,0,0,0,0
rct,2001,23,0,0,0,0
rct,2001,24,0,0,0,0
rct,2001,25,0,0,0,0
rct,2001,26,0,1,0,0
rct,2001,27,0,0,0,0
rct,2001,28,0,1,0,0
rct,2001,29,0,0,0,0
rct,2001,30,0,0,0,0
rct,2001,31,0,0,0,0
rct,2001,32,0,0,0,0
rct,2001,33,0,0,0,0
rct,2001,34,0,1,0,0
rct,2001,35,0,0,0,0
rct,2001,36,0,0,0,0
rct,2001,37,0,0,0,0
rct,2001,38,0,0,0,0
rct,2001,39,0,0,0,0
rct,2001,40,0,0,0,0
rct,2001,41,0,0,0,0
rct,2001,42,0,0,0,0
rct,2001,43,0,0,0,0
rct,2001,44,0,0,0,0
rct,2001,45,0,0,0,0
rct,2001,46,0,0,0,0
rct,2001,47,0,0,0,0
rct,2001,48,0,0,0,0
rct,2001,49,0,0,0,0
rct,2001,50,29,0,3,0
rct,2001,51,0,24,0,0
rct,2002,1,54,21,0,0
rct,2002,2,0,14,0,0
rct,2002,3,0,8,0,0
rct,2002,4,0,2,0,0
rct,2002,5,0,7,0,0
rct,2002,6,0,7,0,0
rct,2002,7,1,4,0,0
rct,2002,8,0,2,0,0
rct,2002,9,0,3,0,0
rct,2002,10,27,19,0,0
rct,2002,11,0,1,0,0
rct,2002,12,0,1,0,0
rct,2002,13,0,1,0,0
rct,2002,14,0,3,0,0
rct,2002,15,0,0,0,0
rct,2002,16,0,4,0,0
rct,2002,17,0,1,0,0
rct,2002,18,0,1,0,0
rct,2002,19,0,0,0,0
rct,2002,20,0,11,0,0
rct,2002,21,0,0,0,0
rct,2002,22,0,0,0,0
rct,2002,23,0,3,0,0
rct,2002,24,0,3,0,0
rct,2002,25,0,0,0,0
rct,2002,26,0,2,0,0
rct,2002,27,0,0,0,0
rct,2002,28,0,3,0,0
rct,2002,29,0,0,0,0
rct,2002,30,0,7,0,0
rct,2002,31,0,2,0,0
rct,2002,32,0,1,0,0
rct,2002,33,0,1,0,0
rct,2002,34,0,0,0,0
rct,2002,35,0,2,0,0
rct,2002,36,0,1,0,0
rct,2002,37,0,0,0,0
rct,2002,38,0,0,0,0
rct,2002,39,0,1,0,0
rct,2002,40,0,7,0,0
rct,2002,41,0,2,0,0
rct,2002,42,0,0,0,0
rct,2002,43,0,1,0,0
rct,2002,44,0,0,0,0
rct,2002,45,0,1,0,0
rct,2002,46,0,2,0,0
rct,2002,47,0,3,0,0
rct,2002,48,0,1,0,0
rct,2002,49,0,1,0,0
rct,2002,50,44,2,13,0
rct,2002,51,3,130,11,0
rct,2003,1,36,13,0,0
rct,2003,2,3,4,0,0
rct,2003,3,2,8,0,0
rct,2003,4,0,7,0,0
rct,2003,5,3,4,0,0
rct,2003,6,0,3,0,0
rct,2003,7,1,1,0,0
rct,2003,8,0,4,0,0
rct,2003,9,0,0,0,0
rct,2003,10,23,8,0,0
rct,2003,11,0,1,0,0
rct,2003,12,0,0,0,0
rct,2003,13,0,3,0,0
rct,2003,14,0,0,0,0
rct,2003,15,0,2,0,0
rct,2003,16,0,4,0,0
rct,2003,17,1,1,0,0
rct,2003,18,0,3,0,0
rct,2003,19,0,0,0,0
rct,2003,20,1,9,0,0
rct,2003,21,0,2,0,0
rct,2003,22,0,0,0,0
rct,2003,23,0,2,0,0
rct,2003,24,0,1,0,0
rct,2003,25,0,1,0,0
rct,2003,26,0,2,0,0
rct,2003,27,0,0,0,0
rct,2003,28,1,2,0,0
rct,2003,29,0,2,0,0
rct,2003,30,3,6,0,0
rct,2003,31,0,0,0,0
rct,2003,32,0,0,0,0
rct,2003,33,0,1,0,0
rct,2003,34,0,1,0,0
rct,2003,35,0,1,0,0
rct,2003,36,0,0,0,0
rct,2003,37,0,0,0,0
rct,2003,38,0,1,0,0
rct,2003,39,0,1,0,0
rct,2003,40,4,0,0,0
rct,2003,41,0,0,0,0
rct,2003,42,1,1,0,0
rct,2003,43,0,5,0,0
rct,2003,44,0,1,0,0
rct,2003,45,0,1,0,0
rct,2003,46,0,0,0,0
rct,2003,47,0,2,0,0
rct,2003,48,0,0,0,0
rct,2003,49,0,0,0,0
rct,2003,50,55,8,12,0
rct,2003,51,1,98,5,0
rct,2004,1,150,51,0,0
rct,2004,2,1,22,0,0
rct,2004,3,0,17,0,0
rct,2004,4,1,10,0,0
rct,2004,5,11,8,0,0
rct,2004,6,2,11,0,0
rct,2004,7,1,9,0,0
rct,2004,8,0,6,0,0
rct,2004,9,2,11,0,0
rct,2004,10,54,16,0,0
rct,2004,11,0,6,0,0
rct,2004,12,2,5,0,0
rct,2004,13,0,8,0,0
rct,2004,14,0,4,0,0
rct,2004,15,0,5,0,0
rct,2004,16,1,4,0,0
rct,2004,17,2,5,0,0
rct,2004,18,0,5,0,0
rct,2004,19,0,3,0,0
rct,2004,20,4,29,0,0
rct,2004,21,0,4,0,0
rct,2004,22,0,3,0,0
rct,2004,23,0,9,0,0
rct,2004,24,0,4,0,0
rct,2004,25,1,2,0,0
rct,2004,26,0,2,0,0
rct,2004,27,0,5,0,0
rct,2004,28,0,7,0,0
rct,2004,29,0,3,0,0
rct,2004,30,2,15,0,0
rct,2004,31,0,5,0,0
rct,2004,32,0,3,0,0
rct,2004,33,0,3,0,0
rct,2004,34,0,2,0,0
rct,2004,35,0,3,0,0
rct,2004,36,0,2,0,0
rct,2004,37,0,2,0,0
rct,2004,38,0,2,0,0
rct,2004,39,0,3,0,0
rct,2004,40,2,15,0,0
rct,2004,41,0,1,0,0
rct,2004,42,0,2,0,0
rct,2004,43,0,2,0,0
rct,2004,44,1,0,0,0
rct,2004,45,0,3,0,0
rct,2004,46,0,2,0,0
rct,2004,47,0,5,0,0
rct,2004,48,0,1,0,0
rct,2004,49,0,3,0,0
rct,2004,50,136,18,48,0
rct,2004,51,14,280,13,0
rct,2005,1,195,77,0,0
rct,2005,2,1,29,0,0
rct,2005,3,1,16,0,0
rct,2005,4,0,21,0,0
rct,2005,5,2,20,0,0
rct,2005,6,1,16,0,0
rct,2005,7,0,9,0,0
rct,2005,8,0,12,0,0
rct,2005,9,1,8,0,0
rct,2005,10,60,24,0,0
rct,2005,11,1,6,0,0
rct,2005,12,0,7,0,0
rct,2005,13,0,11,0,0
rct,2005,14,0,3,0,0
rct,2005,15,0,4,0,0
rct,2005,16,0,8,0,0
rct,2005,17,2,7,0,0
rct,2005,18,0,2,0,0
rct,2005,19,0,8,0,0
rct,2005,20,5,43,0,0
rct,2005,21,0,5,0,0
rct,2005,22,0,7,0,0
rct,2005,23,0,2,0,0
rct,2005,24,0,0,0,0
rct,2005,25,0,2,0,0
rct,2005,26,0,2,0,0
rct,2005,27,1,4,0,0
rct,2005,28,0,8,0,0
rct,2005,29,0,6,0,0
rct,2005,30,1,22,0,0
rct,2005,31,0,5,0,0
rct,2005,32,0,1,0,0
rct,2005,33,0,4,0,0
rct,2005,34,0,1,0,0
rct,2005,35,0,2,0,0
rct,2005,36,0,2,0,0
rct,2005,37,0,2,0,0
rct,2005,38,0,2,0,0
rct,2005,39,0,4,0,0
rct,2005,40,1,23,0,0
rct,2005,41,0,2,0,0
rct,2005,42,0,3,0,0
rct,2005,43,0,6,0,0
rct,2005,44,0,4,0,0
rct,2005,45,0,3,0,0
rct,2005,46,0,0,0,0
rct,2005,47,0,4,0,0
rct,2005,48,1,4,0,0
rct,2005,49,0,4,0,0
rct,2005,50,191,19,34,0
rct,2005,51,7,376,22,0
rct,2006,1,315,98,0,0
rct,2006,2,1,34,0,0
rct,2006,3,2,35,0,0
rct,2006,4,1,31,0,0
rct,2006,5,6,19,0,0
rct,2006,6,1,16,0,0
rct,2006,7,1,16,0,0
rct,2006,8,0,13,0,0
rct,2006,9,0,9,0,0
rct,2006,10,79,17,3,0
rct,2006,11,0,5,0,0
rct,2006,12,0,6,0,0
rct,2006,13,0,7,0,0
rct,2006,14,0,6,0,0
rct,2006,15,0,8,0,0
rct,2006,16,0,6,0,0
rct,2006,17,2,6,0,0
rct,2006,18,0,9,0,0
rct,2006,19,0,2,0,0
rct,2006,20,9,34,0,0
rct,2006,21,0,7,0,0
rct,2006,22,0,2,0,0
rct,2006,23,0,4,0,0
rct,2006,24,0,7,0,0
rct,2006,25,1,4,0,0
rct,2006,26,0,13,0,0
rct,2006,27,0,5,0,0
rct,2006,28,0,6,0,0
rct,2006,29,0,2,0,0
rct,2006,30,8,29,0,0
rct,2006,31,0,5,0,0
rct,2006,32,0,1,0,0
rct,2006,33,0,2,0,0
rct,2006,34,0,3,0,0
rct,2006,35,0,4,0,0
rct,2006,36,0,1,0,0
rct,2006,37,0,7,0,0
rct,2006,38,0,2,0,0
rct,2006,39,0,5,0,0
rct,2006,40,3,20,1,0
rct,2006,41,0,7,0,0
rct,2006,42,0,5,0,0
rct,2006,43,0,3,0,0
rct,2006,44,0,4,0,0
rct,2006,45,0,8,0,0
rct,2006,46,0,3,0,0
rct,2006,47,0,3,0,0
rct,2006,48,1,5,0,0
rct,2006,49,0,3,0,0
rct,2006,50,191,25,32,0
rct,2006,51,20,493,19,0
rct,2007,1,499,144,5,0
rct,2007,2,2,54,0,0
rct,2007,3,5,48,0,0
rct,2007,4,4,44,0,0
rct,2007,5,24,30,0,0
rct,2007,6,5,21,0,0
rct,2007,7,2,18,0,0
rct,2007,8,1,22,0,0
rct,2007,9,1,27,0,0
rct,2007,10,157,59,0,0
rct,2007,11,0,12,0,0
rct,2007,12,0,6,0,0
rct,2007,13,0,18,0,0
rct,2007,14,0,16,0,0
rct,2007,15,0,13,0,0
rct,2007,16,0,9,0,0
rct,2007,17,0,9,0,0
rct,2007,18,1,5,0,0
rct,2007,19,0,4,0,0
rct,2007,20,11,70,0,0
rct,2007,21,0,6,0,0
rct,2007,22,0,8,0,0
rct,2007,23,0,9,0,0
rct,2007,24,0,9,0,0
rct,2007,25,5,5,0,0
rct,2007,26,1,12,0,0
rct,2007,27,0,4,0,0
rct,2007,28,0,11,0,0
rct,2007,29,0,7,0,0
rct,2007,30,3,56,0,0
rct,2007,31,0,6,0,0
rct,2007,32,0,9,0,0
rct,2007,33,0,3,0,0
rct,2007,34,0,3,0,0
rct,2007,35,0,5,0,0
rct,2007,36,0,7,0,0
rct,2007,37,0,10,0,0
rct,2007,38,0,4,0,0
rct,2007,39,0,8,0,0
rct,2007,40,8,58,0,0
rct,2007,41,0,4,0,0
rct,2007,42,0,8,0,0
rct,2007,43,0,6,0,0
rct,2007,44,0,8,0,0
rct,2007,45,0,7,0,0
rct,2007,46,0,2,0,0
rct,2007,47,0,11,0,0
rct,2007,48,0,4,0,0
rct,2007,49,0,6,0,0
rct,2007,50,474,39,110,0
rct,2007,51,29,803,27,0
rct,2008,1,1207,210,4,0
rct,2008,2,43,122,0,0
rct,2008,3,4,99,0,0
rct,2008,4,4,69,0,0
rct,2008,5,51,57,0,0
rct,2008,6,3,57,0,0
rct,2008,7,2,49,0,0
rct,2008,8,3,44,0,0
rct,2008,9,0,43,0,0
rct,2008,10,330,129,3,0
rct,2008,11,1,20,0,0
rct,2008,12,2,28,0,0
rct,2008,13,1,19,0,0
rct,2008,14,2,19,0,0
rct,2008,15,0,22,0,0
rct,2008,16,1,28,0,0
rct,2008,17,3,20,0,0
rct,2008,18,1,23,0,0
rct,2008,19,3,18,0,0
rct,2008,20,18,131,0,0
rct,2008,21,1,19,0,0
rct,2008,22,1,10,0,0
rct,2008,23,0,15,0,0
rct,2008,24,0,15,0,0
rct,2008,25,9,17,0,0
rct,2008,26,0,11,0,0
rct,2008,27,0,19,0,0
rct,2008,28,0,8,0,0
rct,2008,29,0,13,0,0
rct,2008,30,9,124,0,0
rct,2008,31,1,14,0,0
rct,2008,32,0,11,0,0
rct,2008,33,0,14,0,0
rct,2008,34,0,13,0,0
rct,2008,35,0,13,0,0
rct,2008,36,1,23,0,0
rct,2008,37,0,17,0,0
rct,2008,38,1,9,0,0
rct,2008,39,0,14,0,0
rct,2008,40,2,91,0,0
rct,2008,41,0,7,0,0
rct,2008,42,0,10,0,0
rct,2008,43,0,11,0,0
rct,2008,44,0,9,0,0
rct,2008,45,0,22,0,0
rct,2008,46,0,8,0,0
rct,2008,47,1,9,0,0
rct,2008,48,0,15,0,0
rct,2008,49,0,18,0,0
rct,2008,50,806,83,113,0
rct,2008,51,32,1577,62,0
rct,2009,1,1411,336,0,0
rct,2009,2,19,152,0,0
rct,2009,3,11,116,0,0
rct,2009,4,12,76,0,0
rct,2009,5,19,85,1,0
rct,2009,6,4,73,0,0
rct,2009,7,5,84,0,0
rct,2009,8,5,44,0,0
rct,2009,9,7,41,0,0
rct,2009,10,318,137,2,0
rct,2009,11,2,25,0,0
rct,2009,12,3,36,0,0
rct,2009,13,3,42,0,0
rct,2009,14,0,33,0,0
rct,2009,15,4,32,0,0
rct,2009,16,1,32,0,0
rct,2009,17,5,31,0,0
rct,2009,18,3,28,0,0
rct,2009,19,1,28,0,0
rct,2009,20,25,189,1,0
rct,2009,21,1,24,0,0
rct,2009,22,0,28,0,0
rct,2009,23,2,28,0,0
rct,2009,24,0,24,0,0
rct,2009,25,5,27,0,0
rct,2009,26,0,24,0,0
rct,2009,27,0,25,0,0
rct,2009,28,1,29,0,0
rct,2009,29,1,18,0,0
rct,2009,30,12,166,0,0
rct,2009,31,1,15,0,0
rct,2009,32,1,24,0,0
rct,2009,33,0,23,0,0
rct,2009,34,1,23,0,0
rct,2009,35,7,17,0,0
rct,2009,36,1,24,0,0
rct,2009,37,1,18,0,0
rct,2009,38,4,18,0,0
rct,2009,39,1,17,0,0
rct,2009,40,11,108,0,0
rct,2009,41,0,23,0,0
rct,2009,42,1,23,0,0
rct,2009,43,0,20,0,0
rct,2009,44,0,13,0,0
rct,2009,45,1,14,0,0
rct,2009,46,0,27,0,0
rct,2009,47,1,20,0,0
rct,2009,48,0,18,0,0
rct,2009,49,0,17,0,0
rct,2009,50,969,97,168,0
rct,2009,51,62,2230,74,0
rct,2010,1,1986,406,0,0
rct,2010,2,39,216,0,0
rct,2010,3,17,168,0,0
rct,2010,4,11,144,0,0
rct,2010,5,69,104,1,0
rct,2010,6,6,129,0,0
rct,2010,7,3,99,0,0
rct,2010,8,5,86,0,0
rct,2010,9,4,85,0,0
rct,2010,10,457,277,4,0
rct,2010,11,0,44,0,0
rct,2010,12,2,64,0,0
rct,2010,13,4,45,0,0
rct,2010,14,2,50,0,0
rct,2010,15,2,45,0,0
rct,2010,16,1,39,0,0
rct,2010,17,4,49,7,0
rct,2010,18,1,21,0,0
rct,2010,19,0,38,0,0
rct,2010,20,35,293,0,0
rct,2010,21,0,41,0,0
rct,2010,22,0,30,0,0
rct,2010,23,0,38,0,0
rct,2010,24,0,30,0,0
rct,2010,25,10,33,0,0
rct,2010,26,1,27,0,0
rct,2010,27,1,31,0,0
rct,2010,28,0,26,0,0
rct,2010,29,0,25,0,0
rct,2010,30,24,224,0,0
rct,2010,31,0,36,0,0
rct,2010,32,2,32,0,0
rct,2010,33,0,33,0,0
rct,2010,34,0,31,0,0
rct,2010,35,0,33,0,0
rct,2010,36,0,34,0,0
rct,2010,37,1,18,0,0
rct,2010,38,0,25,0,0
rct,2010,39,0,19,0,0
rct,2010,40,12,184,0,0
rct,2010,41,1,36,0,0
rct,2010,42,0,31,0,0
rct,2010,43,1,18,0,0
rct,2010,44,0,24,0,0
rct,2010,45,0,33,0,0
rct,2010,46,3,35,0,0
rct,2010,47,0,22,0,0
rct,2010,48,0,23,0,0
rct,2010,49,0,21,0,0
rct,2010,50,1461,129,310,0
rct,2010,51,136,2877,129,0
rct,2011,1,2627,545,13,0
rct,2011,2,45,300,0,0
rct,2011,3,29,223,0,0
rct,2011,4,7,204,0,0
rct,2011,5,88,170,1,0
rct,2011,6,7,136,0,0
rct,2011,7,8,154,0,0
rct,2011,8,9,124,1,0
rct,2011,9,13,107,0,0
rct,2011,10,755,352,8,0
rct,2011,11,3,59,0,0
rct,2011,12,4,62,0,0
rct,2011,13,6,78,0,0
rct,2011,14,3,78,0,0
rct,2011,15,4,64,0,0
rct,2011,16,6,66,0,0
rct,2011,17,8,71,0,0
rct,2011,18,6,49,0,0
rct,2011,19,2,54,0,0
rct,2011,20,63,415,2,0
rct,2011,21,2,42,0,0
rct,2011,22,2,37,0,0
rct,2011,23,1,41,0,0
rct,2011,24,3,49,0,0
rct,2011,25,8,36,0,0
rct,2011,26,4,47,0,0
rct,2011,27,1,45,0,0
rct,2011,28,3,48,0,0
rct,2011,29,0,37,0,0
rct,2011,30,21,325,0,0
rct,2011,31,6,27,0,0
rct,2011,32,1,29,0,0
rct,2011,33,5,38,0,0
rct,2011,34,1,47,0,0
rct,2011,35,3,41,0,0
rct,2011,36,2,25,0,0
rct,2011,37,0,30,0,0
rct,2011,38,1,32,0,0
rct,2011,39,4,49,0,0
rct,2011,40,20,320,0,0
rct,2011,41,0,23,0,0
rct,2011,42,2,28,0,0
rct,2011,43,2,22,0,0
rct,2011,44,0,26,0,0
rct,2011,45,2,28,0,0
rct,2011,46,3,46,0,0
rct,2011,47,0,35,0,0
rct,2011,48,1,49,0,0
rct,2011,49,1,29,0,0
rct,2011,50,1964,218,338,0
rct,2011,51,215,4541,235,0
rct,2012,1,3410,746,3,0
rct,2012,2,43,344,0,0
rct,2012,3,21,271,0,0
rct,2012,4,19,251,1,0
rct,2012,5,106,211,0,0
rct,2012,6,10,186,0,0
rct,2012,7,15,149,0,0
rct,2012,8,10,143,0,0
rct,2012,9,9,127,0,0
rct,2012,10,948,440,5,0
rct,2012,11,3,76,0,0
rct,2012,12,3,96,0,0
rct,2012,13,6,77,0,0
rct,2012,14,4,82,0,0
rct,2012,15,2,88,0,0
rct,2012,16,10,79,0,0
rct,2012,17,10,79,0,0
rct,2012,18,4,70,0,0
rct,2012,19,2,80,0,0
rct,2012,20,60,434,1,0
rct,2012,21,0,69,0,0
rct,2012,22,2,47,0,0
rct,2012,23,0,55,0,0
rct,2012,24,1,62,0,0
rct,2012,25,18,66,1,0
rct,2012,26,1,61,0,0
rct,2012,27,5,57,0,0
rct,2012,28,2,67,0,0
rct,2012,29,0,64,0,0
rct,2012,30,58,371,0,0
rct,2012,31,3,43,0,0
rct,2012,32,1,39,0,0
rct,2012,33,4,43,0,0
rct,2012,34,3,59,0,0
rct,2012,35,4,48,0,0
rct,2012,36,1,51,0,0
rct,2012,37,3,50,0,0
rct,2012,38,4,51,0,0
rct,2012,39,4,46,0,0
rct,2012,40,21,342,0,0
rct,2012,41,3,44,0,0
rct,2012,42,0,45,0,0
rct,2012,43,0,40,0,0
rct,2012,44,1,38,0,0
rct,2012,45,0,58,0,0
rct,2012,46,3,48,0,0
rct,2012,47,0,65,0,0
rct,2012,48,2,60,0,0
rct,2012,49,2,55,0,0
rct,2012,50,2796,256,521,0
rct,2012,51,208,5784,225,0
rct,2013,1,4585,1101,3,0
rct,2013,2,81,544,0,0
rct,2013,3,43,414,0,0
rct,2013,4,26,345,0,0
rct,2013,5,112,316,3,0
rct,2013,6,14,245,0,0
rct,2013,7,16,216,0,0
rct,2013,8,13,216,0,0
rct,2013,9,9,180,0,0
rct,2013,10,1274,605,10,0
rct,2013,11,5,142,1,0
rct,2013,12,4,109,0,0
rct,2013,13,8,118,0,0
rct,2013,14,9,132,0,0
rct,2013,15,2,136,0,0
rct,2013,16,4,117,0,0
rct,2013,17,35,104,17,0
rct,2013,18,2,82,0,0
rct,2013,19,4,76,0,0
rct,2013,20,46,739,0,0
rct,2013,21,4,98,0,0
rct,2013,22,2,63,0,0
rct,2013,23,4,84,0,0
rct,2013,24,1,76,0,0
rct,2013,25,35,89,2,0
rct,2013,26,2,79,0,0
rct,2013,27,1,76,0,0
rct,2013,28,3,67,0,0
rct,2013,29,4,97,0,0
rct,2013,30,47,568,0,0
rct,2013,31,3,63,0,0
rct,2013,32,1,73,0,0
rct,2013,33,1,61,0,0
rct,2013,34,2,65,0,0
rct,2013,35,4,54,0,0
rct,2013,36,4,79,0,0
rct,2013,37,0,64,0,0
rct,2013,38,1,68,0,0
rct,2013,39,1,56,0,0
rct,2013,40,21,528,0,0
rct,2013,41,1,68,0,0
rct,2013,42,1,65,0,0
rct,2013,43,1,60,0,0
rct,2013,44,4,47,0,0
rct,2013,45,2,79,0,0
rct,2013,46,1,73,0,0
rct,2013,47,5,65,0,0
rct,2013,48,2,76,0,0
rct,2013,49,2,83,0,0
rct,2013,50,3693,372,702,0
rct,2013,51,296,8056,361,0
rct,2014,1,5995,1294,12,0
rct,2014,2,37,613,0,0
rct,2014,3,30,482,0,0
rct,2014,4,16,424,0,0
rct,2014,5,128,368,1,0
rct,2014,6,15,335,0,0
rct,2014,7,18,287,0,0
rct,2014,8,21,287,0,0
rct,2014,9,12,234,0,0
rct,2014,10,1535,704,5,0
rct,2014,11,1,135,0,0
rct,2014,12,3,184,0,0
rct,2014,13,19,167,1,0
rct,2014,14,4,143,0,0
rct,2014,15,5,146,0,0
rct,2014,16,4,119,0,0
rct,2014,17,19,131,1,0
rct,2014,18,4,139,0,0
rct,2014,19,3,104,0,0
rct,2014,20,81,726,0,0
rct,2014,21,1,112,0,0
rct,2014,22,1,100,0,0
rct,2014,23,2,113,0,0
rct,2014,24,1,112,0,0
rct,2014,25,23,113,2,0
rct,2014,26,4,104,0,0
rct,2014,27,2,95,0,0
rct,2014,28,4,104,0,0
rct,2014,29,4,84,0,0
rct,2014,30,67,637,1,0
rct,2014,31,3,70,0,0
rct,2014,32,0,85,0,0
rct,2014,33,2,73,0,0
rct,2014,34,0,80,0,0
rct,2014,35,2,90,0,0
rct,2014,36,0,77,0,0
rct,2014,37,1,87,0,0
rct,2014,38,2,78,0,0
rct,2014,39,3,82,0,0
rct,2014,40,36,570,0,0
rct,2014,41,1,69,0,0
rct,2014,42,1,69,0,0
rct,2014,43,1,74,0,0
rct,2014,44,0,71,0,0
rct,2014,45,1,91,0,0
rct,2014,46,11,110,0,0
rct,2014,47,2,115,0,0
rct,2014,48,9,88,0,0
rct,2014,49,5,110,0,0
rct,2014,50,4650,339,1149,0
rct,2014,51,341,9077,321,0
rct,2015,1,6562,1548,11,0
rct,2015,2,73,777,2,0
rct,2015,3,40,541,1,0
rct,2015,4,26,443,1,0
rct,2015,5,157,399,2,0
rct,2015,6,21,318,0,0
rct,2015,7,18,293,0,0
rct,2015,8,55,292,0,0
rct,2015,9,12,260,0,0
rct,2015,10,1652,828,3,0
rct,2015,11,4,176,0,0
rct,2015,12,4,196,0,0
rct,2015,13,13,174,0,0
rct,2015,14,9,180,0,0
rct,2015,15,3,157,0,0
rct,2015,16,14,161,0,0
rct,2015,17,26,168,0,0
rct,2015,18,3,140,0,0
rct,2015,19,8,128,1,0
rct,2015,20,60,790,0,0
rct,2015,21,0,140,0,0
rct,2015,22,2,111,0,0
rct,2015,23,4,101,0,0
rct,2015,24,2,123,0,0
rct,2015,25,37,130,0,0
rct,2015,26,1,119,0,0
rct,2015,27,0,107,0,0
rct,2015,28,3,122,0,0
rct,2015,29,0,109,0,0
rct,2015,30,54,682,3,0
rct,2015,31,4,94,0,0
rct,2015,32,3,110,0,0
rct,2015,33,2,95,0,0
rct,2015,34,2,100,0,0
rct,2015,35,1,117,0,0
rct,2015,36,2,108,0,0
rct,2015,37,2,91,0,0
rct,2015,38,3,106,0,0
rct,2015,39,1,87,0,0
rct,2015,40,22,644,0,0
rct,2015,41,0,103,0,0
rct,2015,42,2,106,0,0
rct,2015,43,2,102,0,0
rct,2015,44,3,73,0,0
rct,2015,45,2,122,0,0
rct,2015,46,1,101,0,0
rct,2015,47,1,97,0,0
rct,2015,48,4,110,0,0
rct,2015,49,1,108,0,0
rct,2015,50,5405,429,1194,0
rct,2015,51,318,11174,434,0
rct,2016,1,7702,1489,10,0
rct,2016,2,72,789,0,0
rct,2016,3,44,596,1,0
rct,2016,4,20,517,0,0
rct,2016,5,138,453,4,0
rct,2016,6,23,393,0,0
rct,2016,7,17,329,0,0
rct,2016,8,11,309,0,0
rct,2016,9,7,240,0,0
rct,2016,10,1885,953,11,0
rct,2016,11,12,184,0,0
rct,2016,12,9,197,0,0
rct,2016,13,18,184,1,0
rct,2016,14,9,191,0,0
rct,2016,15,15,172,0,0
rct,2016,16,6,165,0,0
rct,2016,17,18,183,10,0
rct,2016,18,6,128,0,0
rct,2016,19,3,152,0,0
rct,2016,20,64,894,1,0
rct,2016,21,1,143,0,0
rct,2016,22,3,148,0,0
rct,2016,23,2,146,0,0
rct,2016,24,6,129,1,0
rct,2016,25,22,159,3,0
rct,2016,26,8,124,1,0
rct,2016,27,2,116,0,0
rct,2016,28,3,110,0,0
rct,2016,29,3,101,0,0
rct,2016,30,36,750,1,0
rct,2016,31,2,114,0,0
rct,2016,32,5,138,0,0
rct,2016,33,3,103,0,0
rct,2016,34,5,131,0,0
rct,2016,35,5,112,0,0
rct,2016,36,0,101,1,0
rct,2016,37,2,125,0,0
rct,2016,38,2,102,0,0
rct,2016,39,3,123,1,0
rct,2016,40,36,680,0,0
rct,2016,41,1,90,0,0
rct,2016,42,0,90,0,0
rct,2016,43,2,99,0,0
rct,2016,44,2,107,0,0
rct,2016,45,2,107,0,0
rct,2016,46,2,136,0,0
rct,2016,47,2,124,0,0
rct,2016,48,2,103,0,0
rct,2016,49,1,111,1,0
rct,2016,50,6289,395,1400,0
rct,2016,51,382,12902,512,0
rct,2017,1,8091,1806,11,0
rct,2017,2,68,904,0,0
rct,2017,3,51,638,0,0
rct,2017,4,23,609,1,0
rct,2017,5,98,486,0,0
rct,2017,6,25,402,0,0
rct,2017,7,19,367,0,0
rct,2017,8,27,404,0,0
rct,2017,9,6,277,3,0
rct,2017,10,2099,970,13,0
rct,2017,11,8,197,0,0
rct,2017,12,6,253,0,0
rct,2017,13,25,210,5,0
rct,2017,14,7,214,0,0
rct,2017,15,8,208,0,0
rct,2017,16,8,207,0,0
rct,2017,17,37,214,3,0
rct,2017,18,1,187,0,0
rct,2017,19,3,182,0,0
rct,2017,20,62,951,0,0
rct,2017,21,5,157,0,0
rct,2017,22,3,181,0,0
rct,2017,23,1,162,0,0
rct,2017,24,5,132,0,0
rct,2017,25,25,155,1,0
rct,2017,26,6,117,0,0
rct,2017,27,1,149,0,0
rct,2017,28,3,171,0,0
rct,2017,29,3,132,0,0
rct,2017,30,46,828,1,0
rct,2017,31,3,136,0,0
rct,2017,32,0,106,0,0
rct,2017,33,1,129,0,0
rct,2017,34,3,144,0,0
rct,2017,35,4,125,0,0
rct,2017,36,0,152,0,0
rct,2017,37,3,119,0,0
rct,2017,38,1,110,0,0
rct,2017,39,2,123,0,0
rct,2017,40,26,741,1,0
rct,2017,41,3,115,0,0
rct,2017,42,2,118,0,0
rct,2017,43,4,137,0,0
rct,2017,44,5,98,1,0
rct,2017,45,3,141,1,0
rct,2017,46,3,139,0,0
rct,2017,47,4,122,0,0
rct,2017,48,3,116,0,0
rct,2017,49,1,128,0,0
rct,2017,50,6645,467,1572,0
rct,2017,51,367,13664,586,0
rct,2018,1,8503,1791,22,0
rct,2018,2,69,923,0,0
rct,2018,3,45,622,1,0
rct,2018,4,26,613,1,0
rct,2018,5,183,562,2,0
rct,2018,6,16,412,0,0
rct,2018,7,9,364,1,0
rct,2018,8,24,404,0,0
rct,2018,9,9,324,0,0
rct,2018,10,2076,1024,21,0
rct,2018,11,4,222,0,0
rct,2018,12,10,240,0,0
rct,2018,13,19,214,6,0
rct,2018,14,3,198,0,0
rct,2018,15,9,228,0,0
rct,2018,16,12,193,0,0
rct,2018,17,37,215,0,0
rct,2018,18,8,176,0,0
rct,2018,19,5,173,0,0
rct,2018,20,74,1041,0,0
rct,2018,21,2,172,0,0
rct,2018,22,3,164,0,0
rct,2018,23,3,172,0,0
rct,2018,24,6,160,0,0
rct,2018,25,40,169,0,0
rct,2018,26,3,135,0,0
rct,2018,27,4,158,0,0
rct,2018,28,4,201,0,0
rct,2018,29,2,142,0,0
rct,2018,30,39,873,0,0
rct,2018,31,4,162,0,0
rct,2018,32,1,144,0,0
rct,2018,33,4,151,0,0
rct,2018,34,2,143,0,0
rct,2018,35,2,159,0,0
rct,2018,36,7,139,0,0
rct,2018,37,1,143,0,0
rct,2018,38,2,123,0,0
rct,2018,39,3,140,0,0
rct,2018,40,39,748,0,0
rct,2018,41,2,115,0,0
rct,2018,42,2,137,0,0
rct,2018,43,4,110,0,0
rct,2018,44,2,104,0,0
rct,2018,45,3,125,0,0
rct,2018,46,0,162,0,0
rct,2018,47,4,131,0,0
rct,2018,48,5,153,0,0
rct,2018,49,2,140,0,0
rct,2018,50,6303,462,1627,0
rct,2018,51,350,13827,493,0
rct,2019,1,10021,2141,21,0
rct,2019,2,89,1132,0,0
rct,2019,3,20,808,1,0
rct,2019,4,27,743,11,0
rct,2019,5,174,575,2,0
rct,2019,6,10,538,0,0
rct,2019,7,24,510,0,0
rct,2019,8,21,466,0,0
rct,2019,9,13,428,0,0
rct,2019,10,2048,1160,30,0
rct,2019,11,11,285,0,0
rct,2019,12,8,300,0,0
rct,2019,13,22,253,2,0
rct,2019,14,4,265,1,0
rct,2019,15,5,282,0,0
rct,2019,16,10,240,0,0
rct,2019,17,32,285,5,0
rct,2019,18,2,261,0,0
rct,2019,19,1,209,0,0
rct,2019,20,90,1208,1,0
rct,2019,21,2,225,0,0
rct,2019,22,1,216,0,0
rct,2019,23,3,192,0,0
rct,2019,24,3,208,0,0
rct,2019,25,29,210,3,0
rct,2019,26,5,181,0,0
rct,2019,27,5,195,0,0
rct,2019,28,3,191,0,0
rct,2019,29,5,165,0,0
rct,2019,30,32,1044,0,0
rct,2019,31,0,176,0,0
rct,2019,32,1,155,0,0
rct,2019,33,2,162,0,0
rct,2019,34,2,189,0,0
rct,2019,35,4,190,0,0
rct,2019,36,3,148,0,0
rct,2019,37,1,186,0,0
rct,2019,38,5,147,0,0
rct,2019,39,3,167,0,0
rct,2019,40,25,932,0,0
rct,2019,41,1,182,0,0
rct,2019,42,4,163,0,0
rct,2019,43,5,124,0,0
rct,2019,44,3,142,0,0
rct,2019,45,3,143,0,0
rct,2019,46,2,162,0,0
rct,2019,47,1,156,0,0
rct,2019,48,4,180,0,0
rct,2019,49,2,169,0,0
rct,2019,50,7211,481,1970,0
rct,2019,51,389,16330,582,0
rct,2020,1,11728,2751,30,0
rct,2020,2,89,1340,1,0
rct,2020,3,51,985,4,0
rct,2020,4,24,826,0,0
rct,2020,5,196,722,7,0
rct,2020,6,24,659,0,0
rct,2020,7,16,593,0,0
rct,2020,8,12,557,4,0
rct,2020,9,14,501,0,0
rct,2020,10,2573,1415,22,0
rct,2020,11,10,334,0,0
rct,2020,12,23,370,2,0
rct,2020,13,23,332,2,0
rct,2020,14,4,292,0,0
rct,2020,15,13,313,0,0
rct,2020,16,30,264,7,0
rct,2020,17,44,313,1,0
rct,2020,18,2,269,0,0
rct,2020,19,5,276,0,0
rct,2020,20,63,1518,4,0
rct,2020,21,7,230,0,0
rct,2020,22,6,240,0,0
rct,2020,23,3,226,0,0
rct,2020,24,4,229,0,0
rct,2020,25,39,261,6,0
rct,2020,26,4,217,0,0
rct,2020,27,5,220,0,0
rct,2020,28,2,228,0,0
rct,2020,29,2,215,0,0
rct,2020,30,61,1208,0,0
rct,2020,31,3,202,0,0
rct,2020,32,3,199,0,0
rct,2020,33,4,185,0,0
rct,2020,34,3,210,0,0
rct,2020,35,1,189,0,0
rct,2020,36,6,220,0,0
rct,2020,37,4,140,0,0
rct,2020,38,1,186,0,0
rct,2020,39,2,194,0,0
rct,2020,40,39,1088,0,0
rct,2020,41,0,168,0,0
rct,2020,42,3,188,0,0
rct,2020,43,7,173,0,0
rct,2020,44,3,173,0,0
rct,2020,45,5,179,0,0
rct,2020,46,4,196,0,0
rct,2020,47,10,233,0,0
rct,2020,48,8,189,0,0
rct,2020,49,2,254,0,0
rct,2020,50,8690,566,2360,0
rct,2020,51,463,19706,547,0
rct,2021,1,15026,3111,25,0
rct,2021,2,96,1714,1,0
rct,2021,3,70,1213,2,0
rct,2021,4,31,1084,0,0
rct,2021,5,169,810,6,0
rct,2021,6,31,719,0,0
rct,2021,7,31,731,2,0
rct,2021,8,29,642,0,0
rct,2021,9,24,653,0,0
rct,2021,10,2772,1687,15,0
rct,2021,11,14,437,0,0
rct,2021,12,10,434,0,0
rct,2021,13,25,405,0,0
rct,2021,14,15,380,0,0
rct,2021,15,15,347,0,0
rct,2021,16,20,372,1,0
rct,2021,17,40,331,4,0
rct,2021,18,8,324,0,0
rct,2021,19,9,306,0,0
rct,2021,20,84,1628,0,0
rct,2021,21,7,326,0,0
rct,2021,22,5,283,0,0
rct,2021,23,3,282,0,0
rct,2021,24,4,273,0,0
rct,2021,25,36,274,1,0
rct,2021,26,3,286,0,0
rct,2021,27,7,272,0,0
rct,2021,28,2,247,0,0
rct,2021,29,7,272,0,0
rct,2021,30,70,1368,0,0
rct,2021,31,4,270,0,0
rct,2021,32,4,241,0,0
rct,2021,33,5,246,0,0
rct,2021,34,10,235,1,0
rct,2021,35,12,256,1,0
rct,2021,36,4,240,0,0
rct,2021,37,6,243,0,0
rct,2021,38,4,262,1,0
rct,2021,39,4,237,0,0
rct,2021,40,55,1295,0,0
rct,2021,41,5,225,0,0
rct,2021,42,7,246,0,0
rct,2021,43,6,211,0,0
rct,2021,44,7,229,1,0
rct,2021,45,12,259,0,0
rct,2021,46,4,241,0,0
rct,2021,47,3,257,0,0
rct,2021,48,6,265,0,0
rct,2021,49,8,251,0,0
rct,2021,50,10593,671,3060,0
rct,2021,51,512,24821,723,0
rct,2022,1,18047,3966,35,0
rct,2022,2,127,1949,0,0
rct,2022,3,69,1439,2,0
rct,2022,4,51,1234,0,0
rct,2022,5,203,1050,5,0
rct,2022,6,21,937,0,0
rct,2022,7,30,815,1,0
rct,2022,8,33,832,3,0
rct,2022,9,21,733,0,0
rct,2022,10,3345,2031,27,0
rct,2022,11,11,487,0,0
rct,2022,12,14,500,0,0
rct,2022,13,24,489,1,0
rct,2022,14,7,445,0,0
rct,2022,15,14,430,0,0
rct,2022,16,16,405,0,0
rct,2022,17,72,410,11,0
rct,2022,18,12,439,0,0
rct,2022,19,7,392,2,0
rct,2022,20,102,1964,0,0
rct,2022,21,11,368,0,0
rct,2022,22,5,360,0,0
rct,2022,23,5,346,0,0
rct,2022,24,7,340,0,0
rct,2022,25,62,344,4,0
rct,2022,26,7,324,0,0
rct,2022,27,8,322,0,0
rct,2022,28,6,354,1,0
rct,2022,29,12,350,0,0
rct,2022,30,54,1675,0,0
rct,2022,31,11,275,0,0
rct,2022,32,8,272,0,0
rct,2022,33,10,302,0,0
rct,2022,34,3,304,0,0
rct,2022,35,4,295,0,0
rct,2022,36,4,295,0,0
rct,2022,37,2,282,0,0
rct,2022,38,6,304,0,0
rct,2022,39,7,284,0,0
rct,2022,40,45,1487,0,0
rct,2022,41,4,272,0,0
rct,2022,42,6,260,0,0
rct,2022,43,4,251,0,0
rct,2022,44,6,263,0,0
rct,2022,45,5,329,0,0
rct,2022,46,8,302,0,0
rct,2022,47,12,295,0,0
rct,2022,48,5,300,0,0
rct,2022,49,7,291,0,0
rct,2022,50,15256,769,5016,0
rct,2022,51,660,27755,926,0
rct,2023,1,16067,3137,28,0
rct,2023,2,95,1640,0,0
rct,2023,3,32,1208,1,0
rct,2023,4,27,1009,0,0
rct,2023,5,146,880,11,0
rct,2023,6,31,781,1,0
rct,2023,7,18,711,0,0
rct,2023,8,24,701,12,0
rct,2023,9,22,568,1,0
rct,2023,10,2568,1571,15,0
rct,2023,11,14,369,0,0
rct,2023,12,9,461,0,0
rct,2023,13,16,409,1,0
rct,2023,14,10,389,0,0
rct,2023,15,7,360,0,0
rct,2023,16,14,371,8,0
rct,2023,17,44,357,3,0
rct,2023,18,6,326,0,0
rct,2023,19,7,344,0,0
rct,2023,20,69,1608,2,0
rct,2023,21,2,270,0,0
rct,2023,22,2,325,0,0
rct,2023,23,4,288,0,0
rct,2023,24,3,320,0,0
rct,2023,25,47,298,1,0
rct,2023,26,7,282,0,0
rct,2023,27,4,322,0,0
rct,2023,28,2,254,0,0
rct,2023,29,6,251,0,0
rct,2023,30,56,1348,0,0
rct,2023,31,5,276,0,0
rct,2023,32,5,269,0,0
rct,2023,33,12,239,0,0
rct,2023,34,6,243,0,0
rct,2023,35,5,233,0,0
rct,2023,36,6,216,0,0
rct,2023,37,3,250,0,0
rct,2023,38,4,246,0,0
rct,2023,39,5,248,0,0
rct,2023,40,35,1233,1,0
rct,2023,41,7,246,0,0
rct,2023,42,8,233,0,0
rct,2023,43,4,227,0,0
rct,2023,44,2,184,0,0
rct,2023,45,2,251,0,0
rct,2023,46,2,280,1,0
rct,2023,47,2,244,1,0
rct,2023,48,3,266,0,0
rct,2023,49,3,262,0,0
rct,2023,50,11473,586,4161,0
rct,2023,51,514,24820,640,0
rct,2024,1,19311,3449,62,0
rct,2024,2,116,2018,0,0
rct,2024,3,37,1445,4,0
rct,2024,4,29,1276,2,0
rct,2024,5,202,1063,19,0
rct,2024,6,26,921,1,0
rct,2024,7,39,854,4,0
rct,2024,8,34,821,5,0
rct,2024,9,17,714,0,0
rct,2024,10,3436,1983,12,0
rct,2024,11,8,557,0,0
rct,2024,12,14,494,0,0
rct,2024,13,36,518,0,0
rct,2024,14,8,522,0,0
rct,2024,15,9,438,0,0
rct,2024,16,17,437,0,0
rct,2024,17,62,481,5,0
rct,2024,18,8,407,0,0
rct,2024,19,7,366,0,0
rct,2024,20,77,1899,2,0
rct,2024,21,3,363,0,0
rct,2024,22,2,351,0,0
rct,2024,23,4,353,0,0
rct,2024,24,3,355,0,0
rct,2024,25,77,363,2,0
rct,2024,26,7,321,0,0
rct,2024,27,4,346,0,0
rct,2024,28,5,340,1,0
rct,2024,29,2,332,0,0
rct,2024,30,56,1562,1,0
rct,2024,31,2,302,0,0
rct,2024,32,7,336,0,0
rct,2024,33,3,293,0,0
rct,2024,34,6,307,0,0
rct,2024,35,3,308,0,0
rct,2024,36,9,299,0,0
rct,2024,37,4,292,0,0
rct,2024,38,0,326,0,0
rct,2024,39,5,284,0,0
rct,2024,40,32,1444,0,0
rct,2024,41,1,287,0,0
rct,2024,42,3,287,0,0
rct,2024,43,4,301,0,0
rct,2024,44,7,286,0,0
rct,2024,45,6,317,0,0
rct,2024,46,3,301,0,0
rct,2024,47,4,312,0,0
rct,2024,48,5,301,0,0
rct,2024,49,3,312,0,0
rct,2024,50,14071,673,5242,0
rct,2024,51,481,28998,766,0
rct,2025,1,17336,3015,21,0
rct,2025,2,96,1724,0,0
rct,2025,3,26,1332,4,0
rct,2025,4,32,1055,0,0
rct,2025,5,132,889,19,0
rct,2025,6,22,835,1,0
rct,2025,7,14,704,0,0
rct,2025,8,42,676,2,0
rct,2025,9,31,625,6,0
rct,2025,10,2700,1565,26,0
rct,2025,11,11,451,0,0
rct,2025,12,9,409,0,0
rct,2025,13,21,391,5,0
rct,2025,14,5,404,0,0
rct,2025,15,9,398,0,0
rct,2025,16,21,380,6,0
rct,2025,17,93,352,14,0
rct,2025,18,4,334,0,0
rct,2025,19,4,352,0,0
rct,2025,20,43,1523,1,0
rct,2025,21,7,309,0,0
rct,2025,22,7,317,0,0
rct,2025,23,6,291,0,0
rct,2025,24,5,297,0,0
rct,2025,25,34,296,7,0
rct,2025,26,1,325,0,0
rct,2025,27,3,280,0,0
rct,2025,28,8,298,0,0
rct,2025,29,2,276,0,0
rct,2025,30,29,1298,2,0
rct,2025,31,2,275,0,0
rct,2025,32,3,264,0,0
rct,2025,33,5,257,0,0
rct,2025,34,4,253,0,0
rct,2025,35,3,279,0,0
rct,2025,36,2,237,0,0
rct,2025,37,0,262,0,0
rct,2025,38,3,242,0,0
rct,2025,39,0,243,0,0
rct,2025,40,21,1184,0,0
rct,2025,41,2,239,0,0
rct,2025,42,2,246,0,0
rct,2025,43,2,255,0,0
rct,2025,44,2,216,0,0
rct,2025,45,5,236,0,0
rct,2025,46,3,270,0,0
rct,2025,47,6,277,0,0
rct,2025,48,1,277,0,0
rct,2025,49,2,276,0,0
rct,2025,50,11443,607,4701,0
rct,2025,51,406,24401,580,0
