eFigure,corpus,field,panel,articles,pvalues,binned_total,n_le_001,n_049_050,n_gt_05,pct_le_001,pct_049_050,pct_gt_05,ratio_05_to_001,ratio_gt05_to_001
3,pmc_body,rct,Randomized controlled trial,70554,749824,749824,158753,134760,218103,21.17,17.97,29.09,0.849,1.374
3,pmc_body,ct,Clinical trial,15091,154328,154328,37920,28024,35277,24.57,18.16,22.86,0.739,0.93
3,pmc_body,meta,Meta analysis,48313,554044,554044,136060,67659,211619,24.56,12.21,38.2,0.497,1.555
3,pmc_body,review,Review,487960,839851,839851,249367,105164,168313,29.69,12.52,20.04,0.422,0.675
3,pmc_body,cuj,Clinically Useful Journals,126341,715608,715608,196512,116011,167334,27.46,16.21,23.38,0.59,0.852
3,pmc_body,all,All PMC Full-texts,5202164,28565337,28565337,7409185,7115320,5132249,25.94,24.91,17.97,0.96,0.693
4,pmc_abs,rct,Randomized controlled trial,70296,121357,121357,29851,19718,23422,24.6,16.25,19.3,0.661,0.785
4,pmc_abs,ct,Clinical trial,14988,20086,20086,5994,2891,2398,29.84,14.39,11.94,0.482,0.4
4,pmc_abs,meta,Meta analysis,48047,75208,75208,27129,5564,18659,36.07,7.4,24.81,0.205,0.688
4,pmc_abs,review,Review,483977,28791,28791,10036,2697,6632,34.86,9.37,23.03,0.269,0.661
4,pmc_abs,cuj,Clinically Useful Journals,107552,113019,113019,36668,13688,17522,32.44,12.11,15.5,0.373,0.478
4,pmc_abs,all,All PMC Abstracts,4932959,2715992,2715992,814302,476572,326782,29.98,17.55,12.03,0.585,0.401
5,pubmed_abs,rct,Randomized controlled trial,265975,482045,482045,111860,84381,96956,23.21,17.5,20.11,0.754,0.867
5,pubmed_abs,ct,Clinical trial,72069,82752,82752,24063,10737,11172,29.08,12.97,13.5,0.446,0.464
5,pubmed_abs,meta,Meta analysis,183766,256388,256388,87438,17599,68358,34.1,6.86,26.66,0.201,0.782
5,pubmed_abs,review,Review,1206220,44158,44158,13633,5216,7731,30.87,11.81,17.51,0.383,0.567
5,pubmed_abs,cuj,Clinically Useful Journals,714620,752075,752075,251065,62682,123253,33.38,8.33,16.39,0.25,0.491
5,pubmed_abs,all,All PubMed Abstracts,9542870,5629714,5629714,1669463,932164,736308,29.65,16.56,13.08,0.558,0.441
