corpus,panel,metric,series,year,spline,ci_low,ci_high
PubMed abstracts,A,M1 % articles reporting P,all,1990,7.542,7.299,7.786
PubMed abstracts,A,M1 % articles reporting P,all,1991,8.145,7.952,8.338
PubMed abstracts,A,M1 % articles reporting P,all,1992,8.735,8.582,8.888
PubMed abstracts,A,M1 % articles reporting P,all,1993,9.3,9.17,9.43
PubMed abstracts,A,M1 % articles reporting P,all,1994,9.827,9.701,9.952
PubMed abstracts,A,M1 % articles reporting P,all,1995,10.303,10.17,10.435
PubMed abstracts,A,M1 % articles reporting P,all,1996,10.715,10.574,10.856
PubMed abstracts,A,M1 % articles reporting P,all,1997,11.056,10.912,11.199
PubMed abstracts,A,M1 % articles reporting P,all,1998,11.334,11.195,11.474
PubMed abstracts,A,M1 % articles reporting P,all,1999,11.566,11.435,11.697
PubMed abstracts,A,M1 % articles reporting P,all,2000,11.765,11.643,11.886
PubMed abstracts,A,M1 % articles reporting P,all,2001,11.945,11.829,12.061
PubMed abstracts,A,M1 % articles reporting P,all,2002,12.121,12.005,12.237
PubMed abstracts,A,M1 % articles reporting P,all,2003,12.307,12.185,12.429
PubMed abstracts,A,M1 % articles reporting P,all,2004,12.519,12.388,12.649
PubMed abstracts,A,M1 % articles reporting P,all,2005,12.769,12.632,12.906
PubMed abstracts,A,M1 % articles reporting P,all,2006,13.074,12.935,13.212
PubMed abstracts,A,M1 % articles reporting P,all,2007,13.441,13.307,13.576
PubMed abstracts,A,M1 % articles reporting P,all,2008,13.863,13.737,13.99
PubMed abstracts,A,M1 % articles reporting P,all,2009,14.325,14.206,14.445
PubMed abstracts,A,M1 % articles reporting P,all,2010,14.814,14.696,14.932
PubMed abstracts,A,M1 % articles reporting P,all,2011,15.315,15.191,15.438
PubMed abstracts,A,M1 % articles reporting P,all,2012,15.814,15.681,15.947
PubMed abstracts,A,M1 % articles reporting P,all,2013,16.297,16.155,16.44
PubMed abstracts,A,M1 % articles reporting P,all,2014,16.751,16.604,16.899
PubMed abstracts,A,M1 % articles reporting P,all,2015,17.162,17.015,17.308
PubMed abstracts,A,M1 % articles reporting P,all,2016,17.514,17.376,17.652
PubMed abstracts,A,M1 % articles reporting P,all,2017,17.799,17.668,17.93
PubMed abstracts,A,M1 % articles reporting P,all,2018,18.017,17.879,18.155
PubMed abstracts,A,M1 % articles reporting P,all,2019,18.173,18.016,18.329
PubMed abstracts,A,M1 % articles reporting P,all,2020,18.272,18.099,18.444
PubMed abstracts,A,M1 % articles reporting P,all,2021,18.318,18.145,18.491
PubMed abstracts,A,M1 % articles reporting P,all,2022,18.318,18.161,18.475
PubMed abstracts,A,M1 % articles reporting P,all,2023,18.283,18.128,18.437
PubMed abstracts,A,M1 % articles reporting P,all,2024,18.224,18.024,18.423
PubMed abstracts,A,M1 % articles reporting P,all,2025,18.152,17.869,18.435
PubMed abstracts,B,M3 % articles with >=1 P<=.05,all,1990,97.98,97.728,98.232
PubMed abstracts,B,M3 % articles with >=1 P<=.05,all,1991,97.614,97.415,97.814
PubMed abstracts,B,M3 % articles with >=1 P<=.05,all,1992,97.255,97.097,97.414
PubMed abstracts,B,M3 % articles with >=1 P<=.05,all,1993,96.908,96.773,97.042
PubMed abstracts,B,M3 % articles with >=1 P<=.05,all,1994,96.578,96.448,96.707
PubMed abstracts,B,M3 % articles with >=1 P<=.05,all,1995,96.271,96.134,96.409
PubMed abstracts,B,M3 % articles with >=1 P<=.05,all,1996,95.994,95.849,96.14
PubMed abstracts,B,M3 % articles with >=1 P<=.05,all,1997,95.751,95.603,95.9
PubMed abstracts,B,M3 % articles with >=1 P<=.05,all,1998,95.54,95.396,95.684
PubMed abstracts,B,M3 % articles with >=1 P<=.05,all,1999,95.358,95.223,95.494
PubMed abstracts,B,M3 % articles with >=1 P<=.05,all,2000,95.201,95.075,95.327
PubMed abstracts,B,M3 % articles with >=1 P<=.05,all,2001,95.066,94.946,95.186
PubMed abstracts,B,M3 % articles with >=1 P<=.05,all,2002,94.95,94.83,95.07
PubMed abstracts,B,M3 % articles with >=1 P<=.05,all,2003,94.849,94.723,94.975
PubMed abstracts,B,M3 % articles with >=1 P<=.05,all,2004,94.761,94.626,94.895
PubMed abstracts,B,M3 % articles with >=1 P<=.05,all,2005,94.68,94.539,94.822
PubMed abstracts,B,M3 % articles with >=1 P<=.05,all,2006,94.606,94.462,94.749
PubMed abstracts,B,M3 % articles with >=1 P<=.05,all,2007,94.534,94.395,94.672
PubMed abstracts,B,M3 % articles with >=1 P<=.05,all,2008,94.463,94.332,94.594
PubMed abstracts,B,M3 % articles with >=1 P<=.05,all,2009,94.394,94.27,94.517
PubMed abstracts,B,M3 % articles with >=1 P<=.05,all,2010,94.325,94.203,94.447
PubMed abstracts,B,M3 % articles with >=1 P<=.05,all,2011,94.257,94.13,94.385
PubMed abstracts,B,M3 % articles with >=1 P<=.05,all,2012,94.189,94.052,94.327
PubMed abstracts,B,M3 % articles with >=1 P<=.05,all,2013,94.121,93.974,94.268
PubMed abstracts,B,M3 % articles with >=1 P<=.05,all,2014,94.052,93.9,94.205
PubMed abstracts,B,M3 % articles with >=1 P<=.05,all,2015,93.983,93.831,94.134
PubMed abstracts,B,M3 % articles with >=1 P<=.05,all,2016,93.911,93.768,94.054
PubMed abstracts,B,M3 % articles with >=1 P<=.05,all,2017,93.84,93.704,93.975
PubMed abstracts,B,M3 % articles with >=1 P<=.05,all,2018,93.776,93.634,93.919
PubMed abstracts,B,M3 % articles with >=1 P<=.05,all,2019,93.731,93.569,93.893
PubMed abstracts,B,M3 % articles with >=1 P<=.05,all,2020,93.714,93.535,93.892
PubMed abstracts,B,M3 % articles with >=1 P<=.05,all,2021,93.734,93.555,93.913
PubMed abstracts,B,M3 % articles with >=1 P<=.05,all,2022,93.799,93.637,93.961
PubMed abstracts,B,M3 % articles with >=1 P<=.05,all,2023,93.9,93.74,94.059
PubMed abstracts,B,M3 % articles with >=1 P<=.05,all,2024,94.024,93.818,94.23
PubMed abstracts,B,M3 % articles with >=1 P<=.05,all,2025,94.161,93.868,94.454
PubMed abstracts,C,M4 % articles with >=1 P<=.005,all,1990,45.883,45.528,46.239
PubMed abstracts,C,M4 % articles with >=1 P<=.005,all,1991,46.429,46.147,46.711
PubMed abstracts,C,M4 % articles with >=1 P<=.005,all,1992,46.962,46.739,47.186
PubMed abstracts,C,M4 % articles with >=1 P<=.005,all,1993,47.472,47.282,47.661
PubMed abstracts,C,M4 % articles with >=1 P<=.005,all,1994,47.945,47.761,48.128
PubMed abstracts,C,M4 % articles with >=1 P<=.005,all,1995,48.369,48.175,48.563
PubMed abstracts,C,M4 % articles with >=1 P<=.005,all,1996,48.733,48.527,48.939
PubMed abstracts,C,M4 % articles with >=1 P<=.005,all,1997,49.028,48.819,49.237
PubMed abstracts,C,M4 % articles with >=1 P<=.005,all,1998,49.263,49.06,49.466
PubMed abstracts,C,M4 % articles with >=1 P<=.005,all,1999,49.45,49.26,49.641
PubMed abstracts,C,M4 % articles with >=1 P<=.005,all,2000,49.603,49.425,49.781
PubMed abstracts,C,M4 % articles with >=1 P<=.005,all,2001,49.732,49.563,49.902
PubMed abstracts,C,M4 % articles with >=1 P<=.005,all,2002,49.852,49.683,50.022
PubMed abstracts,C,M4 % articles with >=1 P<=.005,all,2003,49.974,49.797,50.152
PubMed abstracts,C,M4 % articles with >=1 P<=.005,all,2004,50.112,49.922,50.302
PubMed abstracts,C,M4 % articles with >=1 P<=.005,all,2005,50.277,50.077,50.476
PubMed abstracts,C,M4 % articles with >=1 P<=.005,all,2006,50.482,50.279,50.684
PubMed abstracts,C,M4 % articles with >=1 P<=.005,all,2007,50.736,50.54,50.932
PubMed abstracts,C,M4 % articles with >=1 P<=.005,all,2008,51.035,50.851,51.219
PubMed abstracts,C,M4 % articles with >=1 P<=.005,all,2009,51.371,51.197,51.546
PubMed abstracts,C,M4 % articles with >=1 P<=.005,all,2010,51.736,51.564,51.909
PubMed abstracts,C,M4 % articles with >=1 P<=.005,all,2011,52.123,51.943,52.303
PubMed abstracts,C,M4 % articles with >=1 P<=.005,all,2012,52.524,52.33,52.717
PubMed abstracts,C,M4 % articles with >=1 P<=.005,all,2013,52.93,52.722,53.137
PubMed abstracts,C,M4 % articles with >=1 P<=.005,all,2014,53.334,53.118,53.549
PubMed abstracts,C,M4 % articles with >=1 P<=.005,all,2015,53.728,53.515,53.941
PubMed abstracts,C,M4 % articles with >=1 P<=.005,all,2016,54.104,53.903,54.306
PubMed abstracts,C,M4 % articles with >=1 P<=.005,all,2017,54.457,54.266,54.649
PubMed abstracts,C,M4 % articles with >=1 P<=.005,all,2018,54.789,54.588,54.99
PubMed abstracts,C,M4 % articles with >=1 P<=.005,all,2019,55.104,54.876,55.332
PubMed abstracts,C,M4 % articles with >=1 P<=.005,all,2020,55.406,55.154,55.658
PubMed abstracts,C,M4 % articles with >=1 P<=.005,all,2021,55.699,55.447,55.951
PubMed abstracts,C,M4 % articles with >=1 P<=.005,all,2022,55.987,55.758,56.216
PubMed abstracts,C,M4 % articles with >=1 P<=.005,all,2023,56.272,56.047,56.498
PubMed abstracts,C,M4 % articles with >=1 P<=.005,all,2024,56.555,56.264,56.846
PubMed abstracts,C,M4 % articles with >=1 P<=.005,all,2025,56.837,56.424,57.25
PubMed abstracts,D,M2 % exact (=) among P reports,all,1990,15.937,15.341,16.532
PubMed abstracts,D,M2 % exact (=) among P reports,all,1991,18.415,17.943,18.887
PubMed abstracts,D,M2 % exact (=) among P reports,all,1992,20.867,20.492,21.241
PubMed abstracts,D,M2 % exact (=) among P reports,all,1993,23.264,22.947,23.582
PubMed abstracts,D,M2 % exact (=) among P reports,all,1994,25.581,25.274,25.888
PubMed abstracts,D,M2 % exact (=) among P reports,all,1995,27.79,27.466,28.115
PubMed abstracts,D,M2 % exact (=) among P reports,all,1996,29.864,29.52,30.209
PubMed abstracts,D,M2 % exact (=) among P reports,all,1997,31.784,31.433,32.134
PubMed abstracts,D,M2 % exact (=) among P reports,all,1998,33.554,33.214,33.894
PubMed abstracts,D,M2 % exact (=) among P reports,all,1999,35.189,34.869,35.509
PubMed abstracts,D,M2 % exact (=) among P reports,all,2000,36.701,36.404,36.999
PubMed abstracts,D,M2 % exact (=) among P reports,all,2001,38.104,37.821,38.388
PubMed abstracts,D,M2 % exact (=) among P reports,all,2002,39.411,39.127,39.695
PubMed abstracts,D,M2 % exact (=) among P reports,all,2003,40.634,40.336,40.932
PubMed abstracts,D,M2 % exact (=) among P reports,all,2004,41.787,41.469,42.105
PubMed abstracts,D,M2 % exact (=) among P reports,all,2005,42.882,42.548,43.217
PubMed abstracts,D,M2 % exact (=) among P reports,all,2006,43.934,43.594,44.273
PubMed abstracts,D,M2 % exact (=) among P reports,all,2007,44.95,44.622,45.279
PubMed abstracts,D,M2 % exact (=) among P reports,all,2008,45.929,45.62,46.238
PubMed abstracts,D,M2 % exact (=) among P reports,all,2009,46.863,46.571,47.155
PubMed abstracts,D,M2 % exact (=) among P reports,all,2010,47.745,47.456,48.033
PubMed abstracts,D,M2 % exact (=) among P reports,all,2011,48.567,48.266,48.869
PubMed abstracts,D,M2 % exact (=) among P reports,all,2012,49.324,49.0,49.649
PubMed abstracts,D,M2 % exact (=) among P reports,all,2013,50.008,49.661,50.356
PubMed abstracts,D,M2 % exact (=) among P reports,all,2014,50.613,50.252,50.973
PubMed abstracts,D,M2 % exact (=) among P reports,all,2015,51.13,50.773,51.487
PubMed abstracts,D,M2 % exact (=) among P reports,all,2016,51.554,51.217,51.892
PubMed abstracts,D,M2 % exact (=) among P reports,all,2017,51.877,51.557,52.198
PubMed abstracts,D,M2 % exact (=) among P reports,all,2018,52.09,51.754,52.427
PubMed abstracts,D,M2 % exact (=) among P reports,all,2019,52.184,51.802,52.566
PubMed abstracts,D,M2 % exact (=) among P reports,all,2020,52.149,51.727,52.571
PubMed abstracts,D,M2 % exact (=) among P reports,all,2021,51.975,51.552,52.398
PubMed abstracts,D,M2 % exact (=) among P reports,all,2022,51.661,51.278,52.044
PubMed abstracts,D,M2 % exact (=) among P reports,all,2023,51.236,50.859,51.614
PubMed abstracts,D,M2 % exact (=) among P reports,all,2024,50.738,50.251,51.225
PubMed abstracts,D,M2 % exact (=) among P reports,all,2025,50.202,49.511,50.894
PMC abstracts,A,M1 % articles reporting P,all,1990,4.152,3.416,4.888
PMC abstracts,A,M1 % articles reporting P,all,1991,5.073,4.489,5.656
PMC abstracts,A,M1 % articles reporting P,all,1992,5.968,5.505,6.431
PMC abstracts,A,M1 % articles reporting P,all,1993,6.813,6.42,7.205
PMC abstracts,A,M1 % articles reporting P,all,1994,7.582,7.203,7.962
PMC abstracts,A,M1 % articles reporting P,all,1995,8.252,7.85,8.653
PMC abstracts,A,M1 % articles reporting P,all,1996,8.795,8.369,9.222
PMC abstracts,A,M1 % articles reporting P,all,1997,9.197,8.764,9.631
PMC abstracts,A,M1 % articles reporting P,all,1998,9.475,9.054,9.895
PMC abstracts,A,M1 % articles reporting P,all,1999,9.654,9.259,10.05
PMC abstracts,A,M1 % articles reporting P,all,2000,9.762,9.394,10.131
PMC abstracts,A,M1 % articles reporting P,all,2001,9.825,9.474,10.176
PMC abstracts,A,M1 % articles reporting P,all,2002,9.869,9.518,10.22
PMC abstracts,A,M1 % articles reporting P,all,2003,9.921,9.552,10.289
PMC abstracts,A,M1 % articles reporting P,all,2004,10.006,9.613,10.399
PMC abstracts,A,M1 % articles reporting P,all,2005,10.151,9.738,10.565
PMC abstracts,A,M1 % articles reporting P,all,2006,10.384,9.964,10.803
PMC abstracts,A,M1 % articles reporting P,all,2007,10.72,10.315,11.126
PMC abstracts,A,M1 % articles reporting P,all,2008,11.148,10.766,11.53
PMC abstracts,A,M1 % articles reporting P,all,2009,11.645,11.283,12.006
PMC abstracts,A,M1 % articles reporting P,all,2010,12.188,11.831,12.545
PMC abstracts,A,M1 % articles reporting P,all,2011,12.756,12.383,13.128
PMC abstracts,A,M1 % articles reporting P,all,2012,13.326,12.925,13.727
PMC abstracts,A,M1 % articles reporting P,all,2013,13.877,13.447,14.307
PMC abstracts,A,M1 % articles reporting P,all,2014,14.387,13.94,14.833
PMC abstracts,A,M1 % articles reporting P,all,2015,14.832,14.391,15.274
PMC abstracts,A,M1 % articles reporting P,all,2016,15.193,14.775,15.61
PMC abstracts,A,M1 % articles reporting P,all,2017,15.457,15.061,15.853
PMC abstracts,A,M1 % articles reporting P,all,2018,15.663,15.247,16.079
PMC abstracts,A,M1 % articles reporting P,all,2019,15.859,15.387,16.332
PMC abstracts,A,M1 % articles reporting P,all,2020,16.096,15.574,16.618
PMC abstracts,A,M1 % articles reporting P,all,2021,16.422,15.899,16.945
PMC abstracts,A,M1 % articles reporting P,all,2022,16.873,16.399,17.347
PMC abstracts,A,M1 % articles reporting P,all,2023,17.427,16.961,17.894
PMC abstracts,A,M1 % articles reporting P,all,2024,18.051,17.449,18.653
PMC abstracts,A,M1 % articles reporting P,all,2025,18.709,17.854,19.565
PMC abstracts,B,M3 % articles with >=1 P<=.05,all,1990,96.474,95.6,97.348
PMC abstracts,B,M3 % articles with >=1 P<=.05,all,1991,96.129,95.436,96.822
PMC abstracts,B,M3 % articles with >=1 P<=.05,all,1992,95.79,95.24,96.34
PMC abstracts,B,M3 % articles with >=1 P<=.05,all,1993,95.465,94.999,95.932
PMC abstracts,B,M3 % articles with >=1 P<=.05,all,1994,95.161,94.711,95.612
PMC abstracts,B,M3 % articles with >=1 P<=.05,all,1995,94.885,94.408,95.361
PMC abstracts,B,M3 % articles with >=1 P<=.05,all,1996,94.643,94.137,95.15
PMC abstracts,B,M3 % articles with >=1 P<=.05,all,1997,94.442,93.927,94.956
PMC abstracts,B,M3 % articles with >=1 P<=.05,all,1998,94.278,93.778,94.777
PMC abstracts,B,M3 % articles with >=1 P<=.05,all,1999,94.148,93.679,94.618
PMC abstracts,B,M3 % articles with >=1 P<=.05,all,2000,94.05,93.612,94.487
PMC abstracts,B,M3 % articles with >=1 P<=.05,all,2001,93.978,93.561,94.395
PMC abstracts,B,M3 % articles with >=1 P<=.05,all,2002,93.93,93.513,94.347
PMC abstracts,B,M3 % articles with >=1 P<=.05,all,2003,93.902,93.465,94.339
PMC abstracts,B,M3 % articles with >=1 P<=.05,all,2004,93.891,93.424,94.357
PMC abstracts,B,M3 % articles with >=1 P<=.05,all,2005,93.892,93.4,94.383
PMC abstracts,B,M3 % articles with >=1 P<=.05,all,2006,93.902,93.404,94.4
PMC abstracts,B,M3 % articles with >=1 P<=.05,all,2007,93.918,93.437,94.4
PMC abstracts,B,M3 % articles with >=1 P<=.05,all,2008,93.939,93.486,94.392
PMC abstracts,B,M3 % articles with >=1 P<=.05,all,2009,93.962,93.533,94.392
PMC abstracts,B,M3 % articles with >=1 P<=.05,all,2010,93.987,93.563,94.411
PMC abstracts,B,M3 % articles with >=1 P<=.05,all,2011,94.012,93.57,94.455
PMC abstracts,B,M3 % articles with >=1 P<=.05,all,2012,94.036,93.56,94.512
PMC abstracts,B,M3 % articles with >=1 P<=.05,all,2013,94.057,93.547,94.568
PMC abstracts,B,M3 % articles with >=1 P<=.05,all,2014,94.074,93.545,94.604
PMC abstracts,B,M3 % articles with >=1 P<=.05,all,2015,94.086,93.562,94.611
PMC abstracts,B,M3 % articles with >=1 P<=.05,all,2016,94.092,93.596,94.587
PMC abstracts,B,M3 % articles with >=1 P<=.05,all,2017,94.09,93.62,94.561
PMC abstracts,B,M3 % articles with >=1 P<=.05,all,2018,94.09,93.596,94.584
PMC abstracts,B,M3 % articles with >=1 P<=.05,all,2019,94.098,93.537,94.659
PMC abstracts,B,M3 % articles with >=1 P<=.05,all,2020,94.123,93.504,94.743
PMC abstracts,B,M3 % articles with >=1 P<=.05,all,2021,94.175,93.554,94.795
PMC abstracts,B,M3 % articles with >=1 P<=.05,all,2022,94.257,93.695,94.82
PMC abstracts,B,M3 % articles with >=1 P<=.05,all,2023,94.366,93.812,94.92
PMC abstracts,B,M3 % articles with >=1 P<=.05,all,2024,94.491,93.776,95.206
PMC abstracts,B,M3 % articles with >=1 P<=.05,all,2025,94.625,93.61,95.641
PMC abstracts,C,M4 % articles with >=1 P<=.005,all,1990,56.408,53.581,59.236
PMC abstracts,C,M4 % articles with >=1 P<=.005,all,1991,55.123,52.881,57.364
PMC abstracts,C,M4 % articles with >=1 P<=.005,all,1992,53.888,52.111,55.666
PMC abstracts,C,M4 % articles with >=1 P<=.005,all,1993,52.758,51.25,54.266
PMC abstracts,C,M4 % articles with >=1 P<=.005,all,1994,51.783,50.326,53.24
PMC abstracts,C,M4 % articles with >=1 P<=.005,all,1995,51.015,49.474,52.557
PMC abstracts,C,M4 % articles with >=1 P<=.005,all,1996,50.507,48.87,52.144
PMC abstracts,C,M4 % articles with >=1 P<=.005,all,1997,50.292,48.627,51.957
PMC abstracts,C,M4 % articles with >=1 P<=.005,all,1998,50.337,48.72,51.953
PMC abstracts,C,M4 % articles with >=1 P<=.005,all,1999,50.589,49.069,52.108
PMC abstracts,C,M4 % articles with >=1 P<=.005,all,2000,50.997,49.582,52.411
PMC abstracts,C,M4 % articles with >=1 P<=.005,all,2001,51.509,50.162,52.856
PMC abstracts,C,M4 % articles with >=1 P<=.005,all,2002,52.074,50.725,53.422
PMC abstracts,C,M4 % articles with >=1 P<=.005,all,2003,52.639,51.224,54.054
PMC abstracts,C,M4 % articles with >=1 P<=.005,all,2004,53.153,51.643,54.664
PMC abstracts,C,M4 % articles with >=1 P<=.005,all,2005,53.565,51.976,55.155
PMC abstracts,C,M4 % articles with >=1 P<=.005,all,2006,53.823,52.212,55.434
PMC abstracts,C,M4 % articles with >=1 P<=.005,all,2007,53.891,52.332,55.45
PMC abstracts,C,M4 % articles with >=1 P<=.005,all,2008,53.798,52.331,55.265
PMC abstracts,C,M4 % articles with >=1 P<=.005,all,2009,53.589,52.201,54.977
PMC abstracts,C,M4 % articles with >=1 P<=.005,all,2010,53.31,51.939,54.681
PMC abstracts,C,M4 % articles with >=1 P<=.005,all,2011,53.006,51.575,54.438
PMC abstracts,C,M4 % articles with >=1 P<=.005,all,2012,52.722,51.181,54.264
PMC abstracts,C,M4 % articles with >=1 P<=.005,all,2013,52.504,50.853,54.155
PMC abstracts,C,M4 % articles with >=1 P<=.005,all,2014,52.396,50.683,54.109
PMC abstracts,C,M4 % articles with >=1 P<=.005,all,2015,52.443,50.748,54.139
PMC abstracts,C,M4 % articles with >=1 P<=.005,all,2016,52.692,51.089,54.294
PMC abstracts,C,M4 % articles with >=1 P<=.005,all,2017,53.164,51.643,54.685
PMC abstracts,C,M4 % articles with >=1 P<=.005,all,2018,53.789,52.19,55.387
PMC abstracts,C,M4 % articles with >=1 P<=.005,all,2019,54.474,52.658,56.289
PMC abstracts,C,M4 % articles with >=1 P<=.005,all,2020,55.126,53.121,57.13
PMC abstracts,C,M4 % articles with >=1 P<=.005,all,2021,55.652,53.644,57.66
PMC abstracts,C,M4 % articles with >=1 P<=.005,all,2022,55.984,54.164,57.805
PMC abstracts,C,M4 % articles with >=1 P<=.005,all,2023,56.152,54.361,57.944
PMC abstracts,C,M4 % articles with >=1 P<=.005,all,2024,56.211,53.898,58.524
PMC abstracts,C,M4 % articles with >=1 P<=.005,all,2025,56.215,52.929,59.5
PMC abstracts,D,M2 % exact (=) among P reports,all,1990,32.92,29.477,36.362
PMC abstracts,D,M2 % exact (=) among P reports,all,1991,35.325,32.596,38.055
PMC abstracts,D,M2 % exact (=) among P reports,all,1992,37.679,35.514,39.843
PMC abstracts,D,M2 % exact (=) among P reports,all,1993,39.927,38.09,41.763
PMC abstracts,D,M2 % exact (=) among P reports,all,1994,42.018,40.244,43.792
PMC abstracts,D,M2 % exact (=) among P reports,all,1995,43.899,42.022,45.775
PMC abstracts,D,M2 % exact (=) among P reports,all,1996,45.517,43.524,47.511
PMC abstracts,D,M2 % exact (=) among P reports,all,1997,46.835,44.808,48.863
PMC abstracts,D,M2 % exact (=) among P reports,all,1998,47.872,45.904,49.84
PMC abstracts,D,M2 % exact (=) among P reports,all,1999,48.661,46.811,50.511
PMC abstracts,D,M2 % exact (=) among P reports,all,2000,49.236,47.514,50.958
PMC abstracts,D,M2 % exact (=) among P reports,all,2001,49.63,47.989,51.27
PMC abstracts,D,M2 % exact (=) among P reports,all,2002,49.876,48.234,51.518
PMC abstracts,D,M2 % exact (=) among P reports,all,2003,50.009,48.287,51.732
PMC abstracts,D,M2 % exact (=) among P reports,all,2004,50.062,48.223,51.901
PMC abstracts,D,M2 % exact (=) among P reports,all,2005,50.068,48.133,52.003
PMC abstracts,D,M2 % exact (=) among P reports,all,2006,50.06,48.099,52.022
PMC abstracts,D,M2 % exact (=) among P reports,all,2007,50.068,48.17,51.966
PMC abstracts,D,M2 % exact (=) among P reports,all,2008,50.095,48.309,51.881
PMC abstracts,D,M2 % exact (=) among P reports,all,2009,50.144,48.453,51.834
PMC abstracts,D,M2 % exact (=) among P reports,all,2010,50.212,48.543,51.882
PMC abstracts,D,M2 % exact (=) among P reports,all,2011,50.302,48.559,52.044
PMC abstracts,D,M2 % exact (=) among P reports,all,2012,50.412,48.535,52.288
PMC abstracts,D,M2 % exact (=) among P reports,all,2013,50.543,48.533,52.553
PMC abstracts,D,M2 % exact (=) among P reports,all,2014,50.695,48.609,52.781
PMC abstracts,D,M2 % exact (=) among P reports,all,2015,50.868,48.803,52.933
PMC abstracts,D,M2 % exact (=) among P reports,all,2016,51.062,49.111,53.014
PMC abstracts,D,M2 % exact (=) among P reports,all,2017,51.271,49.419,53.123
PMC abstracts,D,M2 % exact (=) among P reports,all,2018,51.456,49.509,53.402
PMC abstracts,D,M2 % exact (=) among P reports,all,2019,51.574,49.363,53.785
PMC abstracts,D,M2 % exact (=) among P reports,all,2020,51.58,49.14,54.021
PMC abstracts,D,M2 % exact (=) among P reports,all,2021,51.431,48.987,53.876
PMC abstracts,D,M2 % exact (=) among P reports,all,2022,51.098,48.882,53.315
PMC abstracts,D,M2 % exact (=) among P reports,all,2023,50.615,48.434,52.797
PMC abstracts,D,M2 % exact (=) among P reports,all,2024,50.033,47.216,52.849
PMC abstracts,D,M2 % exact (=) among P reports,all,2025,49.4,45.4,53.4
PMC full-texts,A,M1 % articles reporting P,all,1990,2.998,0.568,5.428
PMC full-texts,A,M1 % articles reporting P,all,1991,4.788,2.861,6.715
PMC full-texts,A,M1 % articles reporting P,all,1992,6.596,5.068,8.124
PMC full-texts,A,M1 % articles reporting P,all,1993,8.438,7.142,9.734
PMC full-texts,A,M1 % articles reporting P,all,1994,10.332,9.079,11.584
PMC full-texts,A,M1 % articles reporting P,all,1995,12.295,10.97,13.619
PMC full-texts,A,M1 % articles reporting P,all,1996,14.343,12.936,15.751
PMC full-texts,A,M1 % articles reporting P,all,1997,16.489,15.058,17.92
PMC full-texts,A,M1 % articles reporting P,all,1998,18.715,17.326,20.104
PMC full-texts,A,M1 % articles reporting P,all,1999,20.998,19.692,22.304
PMC full-texts,A,M1 % articles reporting P,all,2000,23.315,22.099,24.531
PMC full-texts,A,M1 % articles reporting P,all,2001,25.643,24.485,26.801
PMC full-texts,A,M1 % articles reporting P,all,2002,27.959,26.8,29.118
PMC full-texts,A,M1 % articles reporting P,all,2003,30.24,29.024,31.456
PMC full-texts,A,M1 % articles reporting P,all,2004,32.462,31.164,33.76
PMC full-texts,A,M1 % articles reporting P,all,2005,34.603,33.237,35.969
PMC full-texts,A,M1 % articles reporting P,all,2006,36.639,35.255,38.024
PMC full-texts,A,M1 % articles reporting P,all,2007,38.551,37.211,39.89
PMC full-texts,A,M1 % articles reporting P,all,2008,40.328,39.067,41.589
PMC full-texts,A,M1 % articles reporting P,all,2009,41.966,40.773,43.159
PMC full-texts,A,M1 % articles reporting P,all,2010,43.459,42.28,44.637
PMC full-texts,A,M1 % articles reporting P,all,2011,44.8,43.569,46.03
PMC full-texts,A,M1 % articles reporting P,all,2012,45.983,44.658,47.308
PMC full-texts,A,M1 % articles reporting P,all,2013,47.003,45.584,48.422
PMC full-texts,A,M1 % articles reporting P,all,2014,47.854,46.381,49.326
PMC full-texts,A,M1 % articles reporting P,all,2015,48.529,47.071,49.986
PMC full-texts,A,M1 % articles reporting P,all,2016,49.023,47.645,50.4
PMC full-texts,A,M1 % articles reporting P,all,2017,49.341,48.034,50.649
PMC full-texts,A,M1 % articles reporting P,all,2018,49.537,48.163,50.911
PMC full-texts,A,M1 % articles reporting P,all,2019,49.676,48.115,51.236
PMC full-texts,A,M1 % articles reporting P,all,2020,49.821,48.098,51.544
PMC full-texts,A,M1 % articles reporting P,all,2021,50.038,48.312,51.763
PMC full-texts,A,M1 % articles reporting P,all,2022,50.374,48.81,51.939
PMC full-texts,A,M1 % articles reporting P,all,2023,50.813,49.273,52.353
PMC full-texts,A,M1 % articles reporting P,all,2024,51.321,49.332,53.309
PMC full-texts,A,M1 % articles reporting P,all,2025,51.862,49.038,54.686
PMC full-texts,B,M3 % articles with >=1 P<=.05,all,1997,94.358,93.958,94.758
PMC full-texts,B,M3 % articles with >=1 P<=.05,all,1998,94.423,94.093,94.753
PMC full-texts,B,M3 % articles with >=1 P<=.05,all,1999,94.49,94.219,94.76
PMC full-texts,B,M3 % articles with >=1 P<=.05,all,2000,94.56,94.332,94.788
PMC full-texts,B,M3 % articles with >=1 P<=.05,all,2001,94.637,94.429,94.844
PMC full-texts,B,M3 % articles with >=1 P<=.05,all,2002,94.721,94.514,94.929
PMC full-texts,B,M3 % articles with >=1 P<=.05,all,2003,94.815,94.595,95.035
PMC full-texts,B,M3 % articles with >=1 P<=.05,all,2004,94.92,94.686,95.154
PMC full-texts,B,M3 % articles with >=1 P<=.05,all,2005,95.039,94.797,95.282
PMC full-texts,B,M3 % articles with >=1 P<=.05,all,2006,95.174,94.932,95.416
PMC full-texts,B,M3 % articles with >=1 P<=.05,all,2007,95.325,95.093,95.556
PMC full-texts,B,M3 % articles with >=1 P<=.05,all,2008,95.487,95.27,95.703
PMC full-texts,B,M3 % articles with >=1 P<=.05,all,2009,95.655,95.45,95.861
PMC full-texts,B,M3 % articles with >=1 P<=.05,all,2010,95.825,95.619,96.03
PMC full-texts,B,M3 % articles with >=1 P<=.05,all,2011,95.988,95.772,96.205
PMC full-texts,B,M3 % articles with >=1 P<=.05,all,2012,96.142,95.908,96.376
PMC full-texts,B,M3 % articles with >=1 P<=.05,all,2013,96.279,96.028,96.529
PMC full-texts,B,M3 % articles with >=1 P<=.05,all,2014,96.393,96.134,96.652
PMC full-texts,B,M3 % articles with >=1 P<=.05,all,2015,96.481,96.225,96.736
PMC full-texts,B,M3 % articles with >=1 P<=.05,all,2016,96.534,96.293,96.775
PMC full-texts,B,M3 % articles with >=1 P<=.05,all,2017,96.553,96.324,96.782
PMC full-texts,B,M3 % articles with >=1 P<=.05,all,2018,96.548,96.306,96.79
PMC full-texts,B,M3 % articles with >=1 P<=.05,all,2019,96.535,96.259,96.81
PMC full-texts,B,M3 % articles with >=1 P<=.05,all,2020,96.529,96.225,96.832
PMC full-texts,B,M3 % articles with >=1 P<=.05,all,2021,96.545,96.241,96.849
PMC full-texts,B,M3 % articles with >=1 P<=.05,all,2022,96.594,96.319,96.87
PMC full-texts,B,M3 % articles with >=1 P<=.05,all,2023,96.672,96.401,96.944
PMC full-texts,B,M3 % articles with >=1 P<=.05,all,2024,96.769,96.418,97.12
PMC full-texts,B,M3 % articles with >=1 P<=.05,all,2025,96.876,96.378,97.374
PMC full-texts,C,M4 % articles with >=1 P<=.005,all,1997,44.053,42.373,45.733
PMC full-texts,C,M4 % articles with >=1 P<=.005,all,1998,46.195,44.808,47.581
PMC full-texts,C,M4 % articles with >=1 P<=.005,all,1999,48.298,47.161,49.435
PMC full-texts,C,M4 % articles with >=1 P<=.005,all,2000,50.324,49.365,51.282
PMC full-texts,C,M4 % articles with >=1 P<=.005,all,2001,52.235,51.363,53.106
PMC full-texts,C,M4 % articles with >=1 P<=.005,all,2002,53.991,53.119,54.863
PMC full-texts,C,M4 % articles with >=1 P<=.005,all,2003,55.555,54.631,56.478
PMC full-texts,C,M4 % articles with >=1 P<=.005,all,2004,56.888,55.904,57.871
PMC full-texts,C,M4 % articles with >=1 P<=.005,all,2005,57.951,56.93,58.971
PMC full-texts,C,M4 % articles with >=1 P<=.005,all,2006,58.706,57.688,59.723
PMC full-texts,C,M4 % articles with >=1 P<=.005,all,2007,59.13,58.158,60.101
PMC full-texts,C,M4 % articles with >=1 P<=.005,all,2008,59.264,58.355,60.174
PMC full-texts,C,M4 % articles with >=1 P<=.005,all,2009,59.167,58.303,60.031
PMC full-texts,C,M4 % articles with >=1 P<=.005,all,2010,58.895,58.032,59.758
PMC full-texts,C,M4 % articles with >=1 P<=.005,all,2011,58.505,57.595,59.415
PMC full-texts,C,M4 % articles with >=1 P<=.005,all,2012,58.055,57.072,59.038
PMC full-texts,C,M4 % articles with >=1 P<=.005,all,2013,57.602,56.55,58.654
PMC full-texts,C,M4 % articles with >=1 P<=.005,all,2014,57.204,56.116,58.292
PMC full-texts,C,M4 % articles with >=1 P<=.005,all,2015,56.917,55.844,57.99
PMC full-texts,C,M4 % articles with >=1 P<=.005,all,2016,56.799,55.786,57.812
PMC full-texts,C,M4 % articles with >=1 P<=.005,all,2017,56.892,55.928,57.857
PMC full-texts,C,M4 % articles with >=1 P<=.005,all,2018,57.177,56.159,58.195
PMC full-texts,C,M4 % articles with >=1 P<=.005,all,2019,57.617,56.459,58.775
PMC full-texts,C,M4 % articles with >=1 P<=.005,all,2020,58.178,56.901,59.455
PMC full-texts,C,M4 % articles with >=1 P<=.005,all,2021,58.825,57.548,60.102
PMC full-texts,C,M4 % articles with >=1 P<=.005,all,2022,59.526,58.368,60.684
PMC full-texts,C,M4 % articles with >=1 P<=.005,all,2023,60.265,59.123,61.407
PMC full-texts,C,M4 % articles with >=1 P<=.005,all,2024,61.029,59.554,62.504
PMC full-texts,C,M4 % articles with >=1 P<=.005,all,2025,61.806,59.713,63.9
PMC full-texts,D,M2 % exact (=) among P reports,all,1990,15.674,11.123,20.225
PMC full-texts,D,M2 % exact (=) among P reports,all,1991,17.205,13.596,20.813
PMC full-texts,D,M2 % exact (=) among P reports,all,1992,18.758,15.897,21.619
PMC full-texts,D,M2 % exact (=) among P reports,all,1993,20.357,17.93,22.785
PMC full-texts,D,M2 % exact (=) among P reports,all,1994,22.026,19.681,24.371
PMC full-texts,D,M2 % exact (=) among P reports,all,1995,23.787,21.306,26.268
PMC full-texts,D,M2 % exact (=) among P reports,all,1996,25.663,23.028,28.299
PMC full-texts,D,M2 % exact (=) among P reports,all,1997,27.665,24.985,30.345
PMC full-texts,D,M2 % exact (=) among P reports,all,1998,29.749,27.147,32.351
PMC full-texts,D,M2 % exact (=) among P reports,all,1999,31.86,29.415,34.305
PMC full-texts,D,M2 % exact (=) among P reports,all,2000,33.942,31.665,36.218
PMC full-texts,D,M2 % exact (=) among P reports,all,2001,35.938,33.769,38.106
PMC full-texts,D,M2 % exact (=) among P reports,all,2002,37.793,35.622,39.963
PMC full-texts,D,M2 % exact (=) among P reports,all,2003,39.451,37.174,41.728
PMC full-texts,D,M2 % exact (=) among P reports,all,2004,40.856,38.425,43.287
PMC full-texts,D,M2 % exact (=) among P reports,all,2005,41.952,39.394,44.51
PMC full-texts,D,M2 % exact (=) among P reports,all,2006,42.683,40.09,45.276
PMC full-texts,D,M2 % exact (=) among P reports,all,2007,43.017,40.508,45.526
PMC full-texts,D,M2 % exact (=) among P reports,all,2008,43.016,40.655,45.377
PMC full-texts,D,M2 % exact (=) among P reports,all,2009,42.766,40.532,45.001
PMC full-texts,D,M2 % exact (=) among P reports,all,2010,42.353,40.146,44.56
PMC full-texts,D,M2 % exact (=) among P reports,all,2011,41.863,39.559,44.166
PMC full-texts,D,M2 % exact (=) among P reports,all,2012,41.381,38.9,43.861
PMC full-texts,D,M2 % exact (=) among P reports,all,2013,40.993,38.335,43.65
PMC full-texts,D,M2 % exact (=) among P reports,all,2014,40.785,38.028,43.543
PMC full-texts,D,M2 % exact (=) among P reports,all,2015,40.843,38.114,43.573
PMC full-texts,D,M2 % exact (=) among P reports,all,2016,41.253,38.674,43.833
PMC full-texts,D,M2 % exact (=) among P reports,all,2017,42.051,39.603,44.5
PMC full-texts,D,M2 % exact (=) among P reports,all,2018,43.074,40.501,45.647
PMC full-texts,D,M2 % exact (=) among P reports,all,2019,44.108,41.186,47.031
PMC full-texts,D,M2 % exact (=) among P reports,all,2020,44.941,41.715,48.167
PMC full-texts,D,M2 % exact (=) among P reports,all,2021,45.359,42.128,48.591
PMC full-texts,D,M2 % exact (=) among P reports,all,2022,45.212,42.282,48.142
PMC full-texts,D,M2 % exact (=) among P reports,all,2023,44.594,41.71,47.478
PMC full-texts,D,M2 % exact (=) among P reports,all,2024,43.662,39.939,47.385
PMC full-texts,D,M2 % exact (=) among P reports,all,2025,42.573,37.286,47.861
PubMed abstracts,A,M1 % articles reporting P,RCT,1990,34.92,33.967,35.873
PubMed abstracts,A,M1 % articles reporting P,RCT,1991,36.38,35.624,37.136
PubMed abstracts,A,M1 % articles reporting P,RCT,1992,37.833,37.234,38.432
PubMed abstracts,A,M1 % articles reporting P,RCT,1993,39.273,38.765,39.782
PubMed abstracts,A,M1 % articles reporting P,RCT,1994,40.694,40.203,41.185
PubMed abstracts,A,M1 % articles reporting P,RCT,1995,42.089,41.57,42.609
PubMed abstracts,A,M1 % articles reporting P,RCT,1996,43.452,42.901,44.004
PubMed abstracts,A,M1 % articles reporting P,RCT,1997,44.776,44.214,45.337
PubMed abstracts,A,M1 % articles reporting P,RCT,1998,46.046,45.501,46.591
PubMed abstracts,A,M1 % articles reporting P,RCT,1999,47.25,46.738,47.762
PubMed abstracts,A,M1 % articles reporting P,RCT,2000,48.373,47.896,48.85
PubMed abstracts,A,M1 % articles reporting P,RCT,2001,49.401,48.947,49.855
PubMed abstracts,A,M1 % articles reporting P,RCT,2002,50.321,49.866,50.775
PubMed abstracts,A,M1 % articles reporting P,RCT,2003,51.118,50.641,51.594
PubMed abstracts,A,M1 % articles reporting P,RCT,2004,51.778,51.269,52.287
PubMed abstracts,A,M1 % articles reporting P,RCT,2005,52.287,51.751,52.823
PubMed abstracts,A,M1 % articles reporting P,RCT,2006,52.632,52.089,53.175
PubMed abstracts,A,M1 % articles reporting P,RCT,2007,52.806,52.281,53.332
PubMed abstracts,A,M1 % articles reporting P,RCT,2008,52.842,52.347,53.336
PubMed abstracts,A,M1 % articles reporting P,RCT,2009,52.777,52.309,53.245
PubMed abstracts,A,M1 % articles reporting P,RCT,2010,52.651,52.189,53.113
PubMed abstracts,A,M1 % articles reporting P,RCT,2011,52.504,52.022,52.987
PubMed abstracts,A,M1 % articles reporting P,RCT,2012,52.375,51.856,52.895
PubMed abstracts,A,M1 % articles reporting P,RCT,2013,52.303,51.747,52.86
PubMed abstracts,A,M1 % articles reporting P,RCT,2014,52.328,51.751,52.906
PubMed abstracts,A,M1 % articles reporting P,RCT,2015,52.489,51.918,53.061
PubMed abstracts,A,M1 % articles reporting P,RCT,2016,52.826,52.286,53.366
PubMed abstracts,A,M1 % articles reporting P,RCT,2017,53.358,52.845,53.87
PubMed abstracts,A,M1 % articles reporting P,RCT,2018,54.029,53.49,54.568
PubMed abstracts,A,M1 % articles reporting P,RCT,2019,54.764,54.152,55.376
PubMed abstracts,A,M1 % articles reporting P,RCT,2020,55.487,54.811,56.163
PubMed abstracts,A,M1 % articles reporting P,RCT,2021,56.123,55.446,56.8
PubMed abstracts,A,M1 % articles reporting P,RCT,2022,56.615,56.002,57.229
PubMed abstracts,A,M1 % articles reporting P,RCT,2023,56.986,56.382,57.59
PubMed abstracts,A,M1 % articles reporting P,RCT,2024,57.275,56.495,58.055
PubMed abstracts,A,M1 % articles reporting P,RCT,2025,57.523,56.416,58.631
PubMed abstracts,B,M3 % articles with >=1 P<=.05,RCT,1990,95.356,94.917,95.795
PubMed abstracts,B,M3 % articles with >=1 P<=.05,RCT,1991,95.031,94.683,95.379
PubMed abstracts,B,M3 % articles with >=1 P<=.05,RCT,1992,94.708,94.432,94.984
PubMed abstracts,B,M3 % articles with >=1 P<=.05,RCT,1993,94.389,94.154,94.623
PubMed abstracts,B,M3 % articles with >=1 P<=.05,RCT,1994,94.073,93.847,94.3
PubMed abstracts,B,M3 % articles with >=1 P<=.05,RCT,1995,93.765,93.525,94.004
PubMed abstracts,B,M3 % articles with >=1 P<=.05,RCT,1996,93.463,93.209,93.718
PubMed abstracts,B,M3 % articles with >=1 P<=.05,RCT,1997,93.172,92.913,93.43
PubMed abstracts,B,M3 % articles with >=1 P<=.05,RCT,1998,92.89,92.64,93.141
PubMed abstracts,B,M3 % articles with >=1 P<=.05,RCT,1999,92.621,92.386,92.857
PubMed abstracts,B,M3 % articles with >=1 P<=.05,RCT,2000,92.366,92.146,92.585
PubMed abstracts,B,M3 % articles with >=1 P<=.05,RCT,2001,92.125,91.916,92.334
PubMed abstracts,B,M3 % articles with >=1 P<=.05,RCT,2002,91.9,91.691,92.11
PubMed abstracts,B,M3 % articles with >=1 P<=.05,RCT,2003,91.693,91.474,91.913
PubMed abstracts,B,M3 % articles with >=1 P<=.05,RCT,2004,91.505,91.271,91.74
PubMed abstracts,B,M3 % articles with >=1 P<=.05,RCT,2005,91.337,91.091,91.584
PubMed abstracts,B,M3 % articles with >=1 P<=.05,RCT,2006,91.191,90.941,91.441
PubMed abstracts,B,M3 % articles with >=1 P<=.05,RCT,2007,91.066,90.824,91.308
PubMed abstracts,B,M3 % articles with >=1 P<=.05,RCT,2008,90.956,90.728,91.183
PubMed abstracts,B,M3 % articles with >=1 P<=.05,RCT,2009,90.851,90.636,91.066
PubMed abstracts,B,M3 % articles with >=1 P<=.05,RCT,2010,90.744,90.531,90.957
PubMed abstracts,B,M3 % articles with >=1 P<=.05,RCT,2011,90.626,90.403,90.848
PubMed abstracts,B,M3 % articles with >=1 P<=.05,RCT,2012,90.488,90.248,90.727
PubMed abstracts,B,M3 % articles with >=1 P<=.05,RCT,2013,90.321,90.065,90.578
PubMed abstracts,B,M3 % articles with >=1 P<=.05,RCT,2014,90.119,89.853,90.385
PubMed abstracts,B,M3 % articles with >=1 P<=.05,RCT,2015,89.87,89.607,90.134
PubMed abstracts,B,M3 % articles with >=1 P<=.05,RCT,2016,89.568,89.32,89.817
PubMed abstracts,B,M3 % articles with >=1 P<=.05,RCT,2017,89.214,88.977,89.45
PubMed abstracts,B,M3 % articles with >=1 P<=.05,RCT,2018,88.844,88.596,89.092
PubMed abstracts,B,M3 % articles with >=1 P<=.05,RCT,2019,88.508,88.226,88.789
PubMed abstracts,B,M3 % articles with >=1 P<=.05,RCT,2020,88.252,87.941,88.563
PubMed abstracts,B,M3 % articles with >=1 P<=.05,RCT,2021,88.125,87.814,88.437
PubMed abstracts,B,M3 % articles with >=1 P<=.05,RCT,2022,88.159,87.877,88.442
PubMed abstracts,B,M3 % articles with >=1 P<=.05,RCT,2023,88.326,88.048,88.604
PubMed abstracts,B,M3 % articles with >=1 P<=.05,RCT,2024,88.581,88.222,88.94
PubMed abstracts,B,M3 % articles with >=1 P<=.05,RCT,2025,88.88,88.37,89.39
PubMed abstracts,C,M4 % articles with >=1 P<=.005,RCT,1990,41.393,40.57,42.216
PubMed abstracts,C,M4 % articles with >=1 P<=.005,RCT,1991,42.167,41.514,42.819
PubMed abstracts,C,M4 % articles with >=1 P<=.005,RCT,1992,42.926,42.409,43.443
PubMed abstracts,C,M4 % articles with >=1 P<=.005,RCT,1993,43.655,43.216,44.094
PubMed abstracts,C,M4 % articles with >=1 P<=.005,RCT,1994,44.34,43.916,44.764
PubMed abstracts,C,M4 % articles with >=1 P<=.005,RCT,1995,44.966,44.517,45.414
PubMed abstracts,C,M4 % articles with >=1 P<=.005,RCT,1996,45.517,45.04,45.994
PubMed abstracts,C,M4 % articles with >=1 P<=.005,RCT,1997,45.983,45.499,46.468
PubMed abstracts,C,M4 % articles with >=1 P<=.005,RCT,1998,46.369,45.899,46.84
PubMed abstracts,C,M4 % articles with >=1 P<=.005,RCT,1999,46.685,46.242,47.127
PubMed abstracts,C,M4 % articles with >=1 P<=.005,RCT,2000,46.938,46.527,47.35
PubMed abstracts,C,M4 % articles with >=1 P<=.005,RCT,2001,47.139,46.747,47.532
PubMed abstracts,C,M4 % articles with >=1 P<=.005,RCT,2002,47.297,46.905,47.69
PubMed abstracts,C,M4 % articles with >=1 P<=.005,RCT,2003,47.421,47.009,47.833
PubMed abstracts,C,M4 % articles with >=1 P<=.005,RCT,2004,47.519,47.08,47.959
PubMed abstracts,C,M4 % articles with >=1 P<=.005,RCT,2005,47.602,47.139,48.064
PubMed abstracts,C,M4 % articles with >=1 P<=.005,RCT,2006,47.678,47.209,48.147
PubMed abstracts,C,M4 % articles with >=1 P<=.005,RCT,2007,47.754,47.3,48.208
PubMed abstracts,C,M4 % articles with >=1 P<=.005,RCT,2008,47.831,47.404,48.258
PubMed abstracts,C,M4 % articles with >=1 P<=.005,RCT,2009,47.906,47.502,48.31
PubMed abstracts,C,M4 % articles with >=1 P<=.005,RCT,2010,47.978,47.579,48.377
PubMed abstracts,C,M4 % articles with >=1 P<=.005,RCT,2011,48.044,47.627,48.46
PubMed abstracts,C,M4 % articles with >=1 P<=.005,RCT,2012,48.102,47.654,48.551
PubMed abstracts,C,M4 % articles with >=1 P<=.005,RCT,2013,48.151,47.671,48.632
PubMed abstracts,C,M4 % articles with >=1 P<=.005,RCT,2014,48.189,47.69,48.688
PubMed abstracts,C,M4 % articles with >=1 P<=.005,RCT,2015,48.213,47.719,48.706
PubMed abstracts,C,M4 % articles with >=1 P<=.005,RCT,2016,48.221,47.755,48.688
PubMed abstracts,C,M4 % articles with >=1 P<=.005,RCT,2017,48.218,47.775,48.661
PubMed abstracts,C,M4 % articles with >=1 P<=.005,RCT,2018,48.228,47.763,48.693
PubMed abstracts,C,M4 % articles with >=1 P<=.005,RCT,2019,48.282,47.754,48.811
PubMed abstracts,C,M4 % articles with >=1 P<=.005,RCT,2020,48.412,47.828,48.995
PubMed abstracts,C,M4 % articles with >=1 P<=.005,RCT,2021,48.647,48.063,49.231
PubMed abstracts,C,M4 % articles with >=1 P<=.005,RCT,2022,49.009,48.479,49.539
PubMed abstracts,C,M4 % articles with >=1 P<=.005,RCT,2023,49.473,48.952,49.995
PubMed abstracts,C,M4 % articles with >=1 P<=.005,RCT,2024,50.006,49.333,50.679
PubMed abstracts,C,M4 % articles with >=1 P<=.005,RCT,2025,50.573,49.617,51.529
PubMed abstracts,D,M2 % exact (=) among P reports,RCT,1990,28.661,27.491,29.832
PubMed abstracts,D,M2 % exact (=) among P reports,RCT,1991,31.11,30.182,32.038
PubMed abstracts,D,M2 % exact (=) among P reports,RCT,1992,33.519,32.784,34.255
PubMed abstracts,D,M2 % exact (=) among P reports,RCT,1993,35.849,35.224,36.473
PubMed abstracts,D,M2 % exact (=) among P reports,RCT,1994,38.058,37.455,38.661
PubMed abstracts,D,M2 % exact (=) among P reports,RCT,1995,40.108,39.47,40.746
PubMed abstracts,D,M2 % exact (=) among P reports,RCT,1996,41.959,41.281,42.636
PubMed abstracts,D,M2 % exact (=) among P reports,RCT,1997,43.58,42.891,44.269
PubMed abstracts,D,M2 % exact (=) among P reports,RCT,1998,44.986,44.317,45.655
PubMed abstracts,D,M2 % exact (=) among P reports,RCT,1999,46.201,45.572,46.83
PubMed abstracts,D,M2 % exact (=) among P reports,RCT,2000,47.248,46.662,47.833
PubMed abstracts,D,M2 % exact (=) among P reports,RCT,2001,48.151,47.593,48.709
PubMed abstracts,D,M2 % exact (=) among P reports,RCT,2002,48.934,48.376,49.492
PubMed abstracts,D,M2 % exact (=) among P reports,RCT,2003,49.621,49.036,50.207
PubMed abstracts,D,M2 % exact (=) among P reports,RCT,2004,50.236,49.611,50.861
PubMed abstracts,D,M2 % exact (=) among P reports,RCT,2005,50.803,50.145,51.461
PubMed abstracts,D,M2 % exact (=) among P reports,RCT,2006,51.346,50.679,52.012
PubMed abstracts,D,M2 % exact (=) among P reports,RCT,2007,51.884,51.239,52.53
PubMed abstracts,D,M2 % exact (=) among P reports,RCT,2008,52.426,51.819,53.034
PubMed abstracts,D,M2 % exact (=) among P reports,RCT,2009,52.976,52.401,53.55
PubMed abstracts,D,M2 % exact (=) among P reports,RCT,2010,53.535,52.968,54.103
PubMed abstracts,D,M2 % exact (=) among P reports,RCT,2011,54.109,53.517,54.702
PubMed abstracts,D,M2 % exact (=) among P reports,RCT,2012,54.702,54.064,55.339
PubMed abstracts,D,M2 % exact (=) among P reports,RCT,2013,55.316,54.632,55.999
PubMed abstracts,D,M2 % exact (=) among P reports,RCT,2014,55.955,55.246,56.664
PubMed abstracts,D,M2 % exact (=) among P reports,RCT,2015,56.623,55.922,57.325
PubMed abstracts,D,M2 % exact (=) among P reports,RCT,2016,57.325,56.662,57.988
PubMed abstracts,D,M2 % exact (=) among P reports,RCT,2017,58.044,57.415,58.674
PubMed abstracts,D,M2 % exact (=) among P reports,RCT,2018,58.693,58.031,59.355
PubMed abstracts,D,M2 % exact (=) among P reports,RCT,2019,59.164,58.413,59.916
PubMed abstracts,D,M2 % exact (=) among P reports,RCT,2020,59.35,58.521,60.18
PubMed abstracts,D,M2 % exact (=) among P reports,RCT,2021,59.145,58.314,59.976
PubMed abstracts,D,M2 % exact (=) among P reports,RCT,2022,58.479,57.725,59.232
PubMed abstracts,D,M2 % exact (=) among P reports,RCT,2023,57.438,56.697,58.18
PubMed abstracts,D,M2 % exact (=) among P reports,RCT,2024,56.148,55.191,57.106
PubMed abstracts,D,M2 % exact (=) among P reports,RCT,2025,54.734,53.374,56.093
PMC abstracts,A,M1 % articles reporting P,RCT,2001,49.581,47.236,51.927
PMC abstracts,A,M1 % articles reporting P,RCT,2002,48.609,46.821,50.397
PMC abstracts,A,M1 % articles reporting P,RCT,2003,47.633,46.244,49.022
PMC abstracts,A,M1 % articles reporting P,RCT,2004,46.65,45.419,47.881
PMC abstracts,A,M1 % articles reporting P,RCT,2005,45.657,44.379,46.935
PMC abstracts,A,M1 % articles reporting P,RCT,2006,44.65,43.275,46.024
PMC abstracts,A,M1 % articles reporting P,RCT,2007,43.635,42.233,45.038
PMC abstracts,A,M1 % articles reporting P,RCT,2008,42.661,41.312,44.01
PMC abstracts,A,M1 % articles reporting P,RCT,2009,41.783,40.53,43.036
PMC abstracts,A,M1 % articles reporting P,RCT,2010,41.059,39.889,42.228
PMC abstracts,A,M1 % articles reporting P,RCT,2011,40.545,39.395,41.695
PMC abstracts,A,M1 % articles reporting P,RCT,2012,40.3,39.092,41.508
PMC abstracts,A,M1 % articles reporting P,RCT,2013,40.38,39.074,41.686
PMC abstracts,A,M1 % articles reporting P,RCT,2014,40.841,39.453,42.229
PMC abstracts,A,M1 % articles reporting P,RCT,2015,41.742,40.337,43.147
PMC abstracts,A,M1 % articles reporting P,RCT,2016,43.138,41.8,44.477
PMC abstracts,A,M1 % articles reporting P,RCT,2017,45.042,43.797,46.286
PMC abstracts,A,M1 % articles reporting P,RCT,2018,47.276,46.011,48.541
PMC abstracts,A,M1 % articles reporting P,RCT,2019,49.619,48.196,51.043
PMC abstracts,A,M1 % articles reporting P,RCT,2020,51.849,50.265,53.434
PMC abstracts,A,M1 % articles reporting P,RCT,2021,53.744,52.142,55.346
PMC abstracts,A,M1 % articles reporting P,RCT,2022,55.142,53.688,56.595
PMC abstracts,A,M1 % articles reporting P,RCT,2023,56.121,54.709,57.534
PMC abstracts,A,M1 % articles reporting P,RCT,2024,56.822,55.009,58.636
PMC abstracts,A,M1 % articles reporting P,RCT,2025,57.384,54.797,59.971
PMC abstracts,B,M3 % articles with >=1 P<=.05,RCT,2004,86.037,83.617,88.458
PMC abstracts,B,M3 % articles with >=1 P<=.05,RCT,2005,87.011,85.369,88.653
PMC abstracts,B,M3 % articles with >=1 P<=.05,RCT,2006,87.892,86.583,89.201
PMC abstracts,B,M3 % articles with >=1 P<=.05,RCT,2007,88.605,87.269,89.941
PMC abstracts,B,M3 % articles with >=1 P<=.05,RCT,2008,89.15,87.757,90.544
PMC abstracts,B,M3 % articles with >=1 P<=.05,RCT,2009,89.546,88.18,90.912
PMC abstracts,B,M3 % articles with >=1 P<=.05,RCT,2010,89.809,88.541,91.078
PMC abstracts,B,M3 % articles with >=1 P<=.05,RCT,2011,89.959,88.791,91.127
PMC abstracts,B,M3 % articles with >=1 P<=.05,RCT,2012,90.013,88.876,91.15
PMC abstracts,B,M3 % articles with >=1 P<=.05,RCT,2013,89.989,88.791,91.188
PMC abstracts,B,M3 % articles with >=1 P<=.05,RCT,2014,89.906,88.606,91.205
PMC abstracts,B,M3 % articles with >=1 P<=.05,RCT,2015,89.781,88.42,91.142
PMC abstracts,B,M3 % articles with >=1 P<=.05,RCT,2016,89.632,88.307,90.957
PMC abstracts,B,M3 % articles with >=1 P<=.05,RCT,2017,89.476,88.262,90.69
PMC abstracts,B,M3 % articles with >=1 P<=.05,RCT,2018,89.327,88.144,90.511
PMC abstracts,B,M3 % articles with >=1 P<=.05,RCT,2019,89.198,87.892,90.504
PMC abstracts,B,M3 % articles with >=1 P<=.05,RCT,2020,89.099,87.633,90.566
PMC abstracts,B,M3 % articles with >=1 P<=.05,RCT,2021,89.045,87.543,90.547
PMC abstracts,B,M3 % articles with >=1 P<=.05,RCT,2022,89.041,87.676,90.407
PMC abstracts,B,M3 % articles with >=1 P<=.05,RCT,2023,89.08,87.773,90.388
PMC abstracts,B,M3 % articles with >=1 P<=.05,RCT,2024,89.147,87.484,90.811
PMC abstracts,B,M3 % articles with >=1 P<=.05,RCT,2025,89.228,86.84,91.616
PMC abstracts,C,M4 % articles with >=1 P<=.005,RCT,2004,48.327,43.494,53.16
PMC abstracts,C,M4 % articles with >=1 P<=.005,RCT,2005,49.958,46.68,53.237
PMC abstracts,C,M4 % articles with >=1 P<=.005,RCT,2006,51.337,48.723,53.951
PMC abstracts,C,M4 % articles with >=1 P<=.005,RCT,2007,52.263,49.596,54.93
PMC abstracts,C,M4 % articles with >=1 P<=.005,RCT,2008,52.757,49.975,55.54
PMC abstracts,C,M4 % articles with >=1 P<=.005,RCT,2009,52.892,50.165,55.62
PMC abstracts,C,M4 % articles with >=1 P<=.005,RCT,2010,52.743,50.209,55.276
PMC abstracts,C,M4 % articles with >=1 P<=.005,RCT,2011,52.382,50.049,54.714
PMC abstracts,C,M4 % articles with >=1 P<=.005,RCT,2012,51.883,49.613,54.153
PMC abstracts,C,M4 % articles with >=1 P<=.005,RCT,2013,51.321,48.928,53.713
PMC abstracts,C,M4 % articles with >=1 P<=.005,RCT,2014,50.768,48.174,53.363
PMC abstracts,C,M4 % articles with >=1 P<=.005,RCT,2015,50.3,47.582,53.017
PMC abstracts,C,M4 % articles with >=1 P<=.005,RCT,2016,49.988,47.343,52.634
PMC abstracts,C,M4 % articles with >=1 P<=.005,RCT,2017,49.888,47.463,52.312
PMC abstracts,C,M4 % articles with >=1 P<=.005,RCT,2018,49.968,47.605,52.33
PMC abstracts,C,M4 % articles with >=1 P<=.005,RCT,2019,50.178,47.57,52.785
PMC abstracts,C,M4 % articles with >=1 P<=.005,RCT,2020,50.467,47.54,53.395
PMC abstracts,C,M4 % articles with >=1 P<=.005,RCT,2021,50.786,47.787,53.785
PMC abstracts,C,M4 % articles with >=1 P<=.005,RCT,2022,51.092,48.366,53.819
PMC abstracts,C,M4 % articles with >=1 P<=.005,RCT,2023,51.383,48.772,53.993
PMC abstracts,C,M4 % articles with >=1 P<=.005,RCT,2024,51.662,48.341,54.984
PMC abstracts,C,M4 % articles with >=1 P<=.005,RCT,2025,51.936,47.169,56.703
PMC abstracts,D,M2 % exact (=) among P reports,RCT,1996,69.399,63.672,75.125
PMC abstracts,D,M2 % exact (=) among P reports,RCT,1997,67.392,62.538,72.245
PMC abstracts,D,M2 % exact (=) among P reports,RCT,1998,65.425,61.332,69.519
PMC abstracts,D,M2 % exact (=) among P reports,RCT,1999,63.54,60.036,67.044
PMC abstracts,D,M2 % exact (=) among P reports,RCT,2000,61.776,58.64,64.912
PMC abstracts,D,M2 % exact (=) among P reports,RCT,2001,60.175,57.176,63.173
PMC abstracts,D,M2 % exact (=) among P reports,RCT,2002,58.776,55.738,61.814
PMC abstracts,D,M2 % exact (=) among P reports,RCT,2003,57.621,54.463,60.779
PMC abstracts,D,M2 % exact (=) among P reports,RCT,2004,56.749,53.482,60.016
PMC abstracts,D,M2 % exact (=) among P reports,RCT,2005,56.202,52.901,59.503
PMC abstracts,D,M2 % exact (=) among P reports,RCT,2006,56.02,52.796,59.245
PMC abstracts,D,M2 % exact (=) among P reports,RCT,2007,56.223,53.176,59.27
PMC abstracts,D,M2 % exact (=) among P reports,RCT,2008,56.746,53.895,59.596
PMC abstracts,D,M2 % exact (=) among P reports,RCT,2009,57.503,54.767,60.238
PMC abstracts,D,M2 % exact (=) among P reports,RCT,2010,58.408,55.638,61.179
PMC abstracts,D,M2 % exact (=) among P reports,RCT,2011,59.377,56.43,62.325
PMC abstracts,D,M2 % exact (=) among P reports,RCT,2012,60.324,57.133,63.514
PMC abstracts,D,M2 % exact (=) among P reports,RCT,2013,61.162,57.761,64.564
PMC abstracts,D,M2 % exact (=) among P reports,RCT,2014,61.807,58.309,65.306
PMC abstracts,D,M2 % exact (=) among P reports,RCT,2015,62.173,58.737,65.61
PMC abstracts,D,M2 % exact (=) among P reports,RCT,2016,62.174,58.934,65.415
PMC abstracts,D,M2 % exact (=) among P reports,RCT,2017,61.762,58.661,64.863
PMC abstracts,D,M2 % exact (=) among P reports,RCT,2018,61.035,57.739,64.331
PMC abstracts,D,M2 % exact (=) among P reports,RCT,2019,60.13,56.376,63.884
PMC abstracts,D,M2 % exact (=) among P reports,RCT,2020,59.182,55.05,63.315
PMC abstracts,D,M2 % exact (=) among P reports,RCT,2021,58.329,54.202,62.455
PMC abstracts,D,M2 % exact (=) among P reports,RCT,2022,57.672,53.931,61.413
PMC abstracts,D,M2 % exact (=) among P reports,RCT,2023,57.188,53.491,60.885
PMC abstracts,D,M2 % exact (=) among P reports,RCT,2024,56.818,52.036,61.601
PMC abstracts,D,M2 % exact (=) among P reports,RCT,2025,56.506,49.724,63.289
PMC full-texts,A,M1 % articles reporting P,RCT,2002,77.651,74.786,80.515
PMC full-texts,A,M1 % articles reporting P,RCT,2003,77.487,75.37,79.603
PMC full-texts,A,M1 % articles reporting P,RCT,2004,77.289,75.658,78.92
PMC full-texts,A,M1 % articles reporting P,RCT,2005,77.025,75.511,78.539
PMC full-texts,A,M1 % articles reporting P,RCT,2006,76.661,75.044,78.278
PMC full-texts,A,M1 % articles reporting P,RCT,2007,76.179,74.486,77.872
PMC full-texts,A,M1 % articles reporting P,RCT,2008,75.624,73.959,77.288
PMC full-texts,A,M1 % articles reporting P,RCT,2009,75.054,73.495,76.612
PMC full-texts,A,M1 % articles reporting P,RCT,2010,74.528,73.089,75.968
PMC full-texts,A,M1 % articles reporting P,RCT,2011,74.108,72.725,75.49
PMC full-texts,A,M1 % articles reporting P,RCT,2012,73.851,72.426,75.276
PMC full-texts,A,M1 % articles reporting P,RCT,2013,73.817,72.28,75.354
PMC full-texts,A,M1 % articles reporting P,RCT,2014,74.066,72.42,75.711
PMC full-texts,A,M1 % articles reporting P,RCT,2015,74.656,72.974,76.338
PMC full-texts,A,M1 % articles reporting P,RCT,2016,75.649,74.038,77.259
PMC full-texts,A,M1 % articles reporting P,RCT,2017,77.062,75.573,78.551
PMC full-texts,A,M1 % articles reporting P,RCT,2018,78.761,77.265,80.256
PMC full-texts,A,M1 % articles reporting P,RCT,2019,80.567,78.892,82.241
PMC full-texts,A,M1 % articles reporting P,RCT,2020,82.305,80.436,84.174
PMC full-texts,A,M1 % articles reporting P,RCT,2021,83.798,81.902,85.695
PMC full-texts,A,M1 % articles reporting P,RCT,2022,84.918,83.196,86.64
PMC full-texts,A,M1 % articles reporting P,RCT,2023,85.722,84.055,87.388
PMC full-texts,A,M1 % articles reporting P,RCT,2024,86.315,84.182,88.448
PMC full-texts,A,M1 % articles reporting P,RCT,2025,86.803,83.754,89.851
PMC full-texts,B,M3 % articles with >=1 P<=.05,RCT,2002,91.049,88.408,93.691
PMC full-texts,B,M3 % articles with >=1 P<=.05,RCT,2003,91.969,90.018,93.921
PMC full-texts,B,M3 % articles with >=1 P<=.05,RCT,2004,92.848,91.344,94.352
PMC full-texts,B,M3 % articles with >=1 P<=.05,RCT,2005,93.646,92.25,95.042
PMC full-texts,B,M3 % articles with >=1 P<=.05,RCT,2006,94.322,92.831,95.813
PMC full-texts,B,M3 % articles with >=1 P<=.05,RCT,2007,94.846,93.285,96.407
PMC full-texts,B,M3 % articles with >=1 P<=.05,RCT,2008,95.226,93.691,96.761
PMC full-texts,B,M3 % articles with >=1 P<=.05,RCT,2009,95.482,94.045,96.919
PMC full-texts,B,M3 % articles with >=1 P<=.05,RCT,2010,95.632,94.305,96.959
PMC full-texts,B,M3 % articles with >=1 P<=.05,RCT,2011,95.695,94.421,96.97
PMC full-texts,B,M3 % articles with >=1 P<=.05,RCT,2012,95.69,94.377,97.004
PMC full-texts,B,M3 % articles with >=1 P<=.05,RCT,2013,95.636,94.219,97.054
PMC full-texts,B,M3 % articles with >=1 P<=.05,RCT,2014,95.552,94.035,97.07
PMC full-texts,B,M3 % articles with >=1 P<=.05,RCT,2015,95.457,93.906,97.007
PMC full-texts,B,M3 % articles with >=1 P<=.05,RCT,2016,95.368,93.883,96.853
PMC full-texts,B,M3 % articles with >=1 P<=.05,RCT,2017,95.304,93.931,96.677
PMC full-texts,B,M3 % articles with >=1 P<=.05,RCT,2018,95.27,93.891,96.649
PMC full-texts,B,M3 % articles with >=1 P<=.05,RCT,2019,95.271,93.727,96.815
PMC full-texts,B,M3 % articles with >=1 P<=.05,RCT,2020,95.31,93.587,97.033
PMC full-texts,B,M3 % articles with >=1 P<=.05,RCT,2021,95.392,93.643,97.141
PMC full-texts,B,M3 % articles with >=1 P<=.05,RCT,2022,95.518,93.93,97.105
PMC full-texts,B,M3 % articles with >=1 P<=.05,RCT,2023,95.679,94.143,97.216
PMC full-texts,B,M3 % articles with >=1 P<=.05,RCT,2024,95.864,93.897,97.831
PMC full-texts,B,M3 % articles with >=1 P<=.05,RCT,2025,96.061,93.25,98.871
PMC full-texts,C,M4 % articles with >=1 P<=.005,RCT,2002,51.424,48.475,54.372
PMC full-texts,C,M4 % articles with >=1 P<=.005,RCT,2003,53.99,51.812,56.169
PMC full-texts,C,M4 % articles with >=1 P<=.005,RCT,2004,56.431,54.752,58.11
PMC full-texts,C,M4 % articles with >=1 P<=.005,RCT,2005,58.62,57.062,60.179
PMC full-texts,C,M4 % articles with >=1 P<=.005,RCT,2006,60.433,58.768,62.097
PMC full-texts,C,M4 % articles with >=1 P<=.005,RCT,2007,61.774,60.032,63.517
PMC full-texts,C,M4 % articles with >=1 P<=.005,RCT,2008,62.683,60.969,64.396
PMC full-texts,C,M4 % articles with >=1 P<=.005,RCT,2009,63.228,61.624,64.832
PMC full-texts,C,M4 % articles with >=1 P<=.005,RCT,2010,63.48,61.998,64.962
PMC full-texts,C,M4 % articles with >=1 P<=.005,RCT,2011,63.507,62.084,64.93
PMC full-texts,C,M4 % articles with >=1 P<=.005,RCT,2012,63.381,61.914,64.847
PMC full-texts,C,M4 % articles with >=1 P<=.005,RCT,2013,63.169,61.587,64.752
PMC full-texts,C,M4 % articles with >=1 P<=.005,RCT,2014,62.944,61.25,64.638
PMC full-texts,C,M4 % articles with >=1 P<=.005,RCT,2015,62.773,61.041,64.504
PMC full-texts,C,M4 % articles with >=1 P<=.005,RCT,2016,62.727,61.069,64.385
PMC full-texts,C,M4 % articles with >=1 P<=.005,RCT,2017,62.859,61.326,64.392
PMC full-texts,C,M4 % articles with >=1 P<=.005,RCT,2018,63.162,61.622,64.701
PMC full-texts,C,M4 % articles with >=1 P<=.005,RCT,2019,63.609,61.885,65.332
PMC full-texts,C,M4 % articles with >=1 P<=.005,RCT,2020,64.176,62.252,66.099
PMC full-texts,C,M4 % articles with >=1 P<=.005,RCT,2021,64.838,62.885,66.79
PMC full-texts,C,M4 % articles with >=1 P<=.005,RCT,2022,65.571,63.799,67.343
PMC full-texts,C,M4 % articles with >=1 P<=.005,RCT,2023,66.357,64.642,68.072
PMC full-texts,C,M4 % articles with >=1 P<=.005,RCT,2024,67.179,64.983,69.374
PMC full-texts,C,M4 % articles with >=1 P<=.005,RCT,2025,68.018,64.879,71.156
PMC full-texts,D,M2 % exact (=) among P reports,RCT,2001,54.36,49.256,59.465
PMC full-texts,D,M2 % exact (=) among P reports,RCT,2002,55.635,51.744,59.526
PMC full-texts,D,M2 % exact (=) among P reports,RCT,2003,56.846,53.824,59.868
PMC full-texts,D,M2 % exact (=) among P reports,RCT,2004,57.93,55.251,60.609
PMC full-texts,D,M2 % exact (=) among P reports,RCT,2005,58.823,56.042,61.605
PMC full-texts,D,M2 % exact (=) among P reports,RCT,2006,59.463,56.471,62.454
PMC full-texts,D,M2 % exact (=) among P reports,RCT,2007,59.805,56.754,62.856
PMC full-texts,D,M2 % exact (=) among P reports,RCT,2008,59.89,56.954,62.825
PMC full-texts,D,M2 % exact (=) among P reports,RCT,2009,59.778,57.051,62.504
PMC full-texts,D,M2 % exact (=) among P reports,RCT,2010,59.528,56.984,62.073
PMC full-texts,D,M2 % exact (=) among P reports,RCT,2011,59.202,56.699,61.705
PMC full-texts,D,M2 % exact (=) among P reports,RCT,2012,58.859,56.231,61.488
PMC full-texts,D,M2 % exact (=) among P reports,RCT,2013,58.56,55.718,61.402
PMC full-texts,D,M2 % exact (=) among P reports,RCT,2014,58.365,55.345,61.385
PMC full-texts,D,M2 % exact (=) among P reports,RCT,2015,58.334,55.276,61.391
PMC full-texts,D,M2 % exact (=) among P reports,RCT,2016,58.526,55.614,61.439
PMC full-texts,D,M2 % exact (=) among P reports,RCT,2017,58.968,56.26,61.675
PMC full-texts,D,M2 % exact (=) among P reports,RCT,2018,59.537,56.784,62.291
PMC full-texts,D,M2 % exact (=) among P reports,RCT,2019,60.08,56.983,63.178
PMC full-texts,D,M2 % exact (=) among P reports,RCT,2020,60.44,56.993,63.888
PMC full-texts,D,M2 % exact (=) among P reports,RCT,2021,60.462,56.976,63.948
PMC full-texts,D,M2 % exact (=) among P reports,RCT,2022,60.036,56.872,63.199
PMC full-texts,D,M2 % exact (=) among P reports,RCT,2023,59.239,56.164,62.313
PMC full-texts,D,M2 % exact (=) among P reports,RCT,2024,58.195,54.249,62.14
PMC full-texts,D,M2 % exact (=) among P reports,RCT,2025,57.027,51.397,62.656
